Wind speed,Cloud cover,Air themperature,Humidity,Duration (For),SourceHeight,Tank Diameter,Tank length,Liquid level,Opening diameter,Chemical,Mesurement Heigth,Wind is from,type of failure,Building,Ground roughtness,Source,Tank Diameter (meters),Tank Type,Stored Themperature,Opening Diameter (inches),Height of the Tank opening,Ground type,Source strength,Leak through,Stored
4.0,10.0,28.0,85.0,58.0,47.85,5.9,1.4,34.0,1.39,cyclohexanone,3,ENE,"Leaking tank, chemical is not burning",Double storied,Urban or forest,Continue,5.9,Sphere,28.0,1.39,1,Concrete,cubic meters,Hole,Liquid
5.0,6.0,25.0,83.0,9.0,4.41,9.6,8.6,87.0,1.1,cyclohexanone,3,ESE,"Leaking tank, chemical is not burning",Single office,open country,Continue,9.6,vertical,25.0,1.1,28,Concrete,cubic meters,pipe/valve,Liquid
3.0,3.0,19.0,81.0,2.0,59.09,5.2,8.0,98.0,2.89,cyclohexanone,3,ESE,"Leaking tank, chemical is not burning",Double storied,Urban or forest,Instantaneous,5.2,Horizontal,19.0,2.89,17,Concrete,cubic meters,Hole,Liquid
5.0,1.0,35.0,80.0,29.0,14.58,7.7,0.9,75.0,1.22,cyclohexanone,3,NNE,"Leaking tank, chemical is not burning",Single office,open country,Continue,7.7,vertical,35.0,1.22,21,Concrete,cubic meters,pipe/valve,Liquid
5.0,1.0,34.0,82.0,59.0,8.43,9.9,8.6,64.0,1.32,cyclohexanone,3,ESE,"Leaking tank, chemical is not burning",Double storied,Urban or forest,Continue,9.9,vertical,34.0,1.32,3,Concrete,cubic meters,pipe/valve,Liquid
5.0,9.0,19.0,80.0,6.0,16.27,8.9,5.6,73.0,0.88,cyclohexanone,3,NE,"Leaking tank, chemical is not burning",Double storied,Urban or forest,Continue,8.9,vertical,19.0,0.88,29,Concrete,cubic meters,pipe/valve,Liquid
6.0,7.0,31.0,78.0,33.0,63.57,5.6,8.2,59.0,2.29,cyclohexanone,3,ENE,"Leaking tank, chemical is not burning",Double storied,open country,Instantaneous,5.6,Sphere,31.0,2.29,6,Concrete,cubic meters,pipe/valve,Liquid
6.0,3.0,22.0,86.0,42.0,32.43,6.7,5.5,93.0,1.91,cyclohexanone,3,ENE,"Leaking tank, chemical is not burning",Enclosed office,open country,Continue,6.7,Horizontal,22.0,1.91,1,Concrete,cubic meters,pipe/valve,Liquid
6.0,6.0,35.0,84.0,50.0,1.07,3.6,6.2,79.0,2.5,cyclohexanone,3,NNE,"Leaking tank, chemical is not burning",Double storied,Urban or forest,Instantaneous,3.6,Sphere,35.0,2.5,11,Concrete,cubic meters,pipe/valve,Liquid
4.0,5.0,21.0,82.0,27.0,2.88,4.8,4.4,14.0,1.51,cyclohexanone,3,NNE,"Leaking tank, chemical is not burning",Single office,Urban or forest,Instantaneous,4.8,Horizontal,21.0,1.51,5,Concrete,cubic meters,pipe/valve,Liquid
4.0,9.0,34.0,78.0,57.0,54.52,1.7,0.7,30.0,1.57,cyclohexanone,3,ESE,"Leaking tank, chemical is not burning",Enclosed office,open country,Instantaneous,1.7,vertical,34.0,1.57,4,Concrete,cubic meters,Hole,Liquid
3.0,5.0,20.0,84.0,38.0,64.44,2.8,9.3,62.0,0.99,cyclohexanone,3,NNE,"Leaking tank, chemical is not burning",Single office,open country,Continue,2.8,vertical,20.0,0.99,3,Concrete,cubic meters,Hole,Liquid
5.0,3.0,30.0,84.0,28.0,5.29,9.6,8.4,41.0,0.8,cyclohexanone,3,ESE,"Leaking tank, chemical is not burning",Single office,open country,Instantaneous,9.6,Horizontal,30.0,0.8,12,Concrete,cubic meters,Hole,Liquid
6.0,8.0,23.0,80.0,4.0,69.5,1.6,9.9,18.0,2.05,cyclohexanone,3,ENE,"Leaking tank, chemical is not burning",Enclosed office,open country,Instantaneous,1.6,vertical,23.0,2.05,28,Concrete,cubic meters,pipe/valve,Liquid
6.0,5.0,25.0,77.0,31.0,32.93,3.8,5.7,31.0,0.77,cyclohexanone,3,ENE,"Leaking tank, chemical is not burning",Double storied,open country,Continue,3.8,Horizontal,25.0,0.77,29,Concrete,cubic meters,pipe/valve,Liquid
5.0,10.0,29.0,79.0,12.0,43.91,7.5,8.8,38.0,1.43,cyclohexanone,3,ESE,"Leaking tank, chemical is not burning",Single office,open country,Continue,7.5,Horizontal,29.0,1.43,4,Concrete,cubic meters,pipe/valve,Liquid
3.0,3.0,33.0,86.0,30.0,98.89,4.8,4.7,22.0,0.98,cyclohexanone,3,ESE,"Leaking tank, chemical is not burning",Single office,Urban or forest,Instantaneous,4.8,Horizontal,33.0,0.98,5,Concrete,cubic meters,Hole,Liquid
4.0,9.0,28.0,82.0,50.0,84.08,6.4,9.2,3.0,1.28,cyclohexanone,3,NE,"Leaking tank, chemical is not burning",Double storied,open country,Continue,6.4,vertical,28.0,1.28,19,Concrete,cubic meters,pipe/valve,Liquid
6.0,10.0,26.0,82.0,37.0,20.08,2.2,9.1,48.0,2.41,cyclohexanone,3,ESE,"Leaking tank, chemical is not burning",Enclosed office,open country,Continue,2.2,Horizontal,26.0,2.41,22,Concrete,cubic meters,pipe/valve,Liquid
5.0,2.0,31.0,78.0,11.0,80.27,5.2,2.6,52.0,0.78,cyclohexanone,3,ENE,"Leaking tank, chemical is not burning",Enclosed office,open country,Instantaneous,5.2,Sphere,31.0,0.78,23,Concrete,cubic meters,pipe/valve,Liquid
5.0,2.0,27.0,83.0,5.0,34.31,3.3,9.5,53.0,1.67,cyclohexanone,3,NNE,"Leaking tank, chemical is not burning",Single office,Urban or forest,Continue,3.3,vertical,27.0,1.67,9,Concrete,cubic meters,pipe/valve,Liquid
4.0,7.0,22.0,85.0,2.0,73.94,2.1,7.7,99.0,2.92,cyclohexanone,3,ENE,"Leaking tank, chemical is not burning",Enclosed office,open country,Continue,2.1,Sphere,22.0,2.92,29,Concrete,cubic meters,pipe/valve,Liquid
4.0,3.0,18.0,83.0,27.0,38.92,1.4,8.5,34.0,2.33,cyclohexanone,3,NE,"Leaking tank, chemical is not burning",Single office,open country,Continue,1.4,vertical,18.0,2.33,20,Concrete,cubic meters,Hole,Liquid
4.0,4.0,35.0,79.0,25.0,29.65,0.6,5.5,46.0,1.95,cyclohexanone,3,ESE,"Leaking tank, chemical is not burning",Single office,open country,Continue,0.6,vertical,35.0,1.95,16,Concrete,cubic meters,Hole,Liquid
4.0,2.0,21.0,80.0,2.0,42.32,8.8,7.9,76.0,2.5,cyclohexanone,3,ENE,"Leaking tank, chemical is not burning",Double storied,open country,Instantaneous,8.8,Sphere,21.0,2.5,6,Concrete,cubic meters,pipe/valve,Liquid
3.0,5.0,26.0,84.0,24.0,22.51,1.7,2.3,89.0,2.47,cyclohexanone,3,ENE,"Leaking tank, chemical is not burning",Enclosed office,Urban or forest,Instantaneous,1.7,vertical,26.0,2.47,24,Concrete,cubic meters,pipe/valve,Liquid
5.0,9.0,23.0,79.0,59.0,69.08,5.6,8.9,12.0,2.1,cyclohexanone,3,ENE,"Leaking tank, chemical is not burning",Double storied,Urban or forest,Continue,5.6,vertical,23.0,2.1,9,Concrete,cubic meters,Hole,Liquid
5.0,5.0,24.0,84.0,14.0,93.75,7.3,7.5,41.0,2.9,cyclohexanone,3,NNE,"Leaking tank, chemical is not burning",Enclosed office,open country,Instantaneous,7.3,Horizontal,24.0,2.9,4,Concrete,cubic meters,Hole,Liquid
6.0,1.0,23.0,82.0,35.0,13.36,4.5,2.7,46.0,1.88,cyclohexanone,3,NNE,"Leaking tank, chemical is not burning",Single office,open country,Instantaneous,4.5,Sphere,23.0,1.88,12,Concrete,cubic meters,pipe/valve,Liquid
5.0,4.0,33.0,82.0,10.0,30.22,8.6,1.5,50.0,2.58,cyclohexanone,3,NE,"Leaking tank, chemical is not burning",Enclosed office,Urban or forest,Continue,8.6,Horizontal,33.0,2.58,4,Concrete,cubic meters,pipe/valve,Liquid
4.0,9.0,29.0,83.0,18.0,82.78,2.8,1.0,97.0,1.7,cyclohexanone,3,NE,"Leaking tank, chemical is not burning",Single office,Urban or forest,Instantaneous,2.8,Sphere,29.0,1.7,25,Concrete,cubic meters,Hole,Liquid
4.0,5.0,26.0,78.0,17.0,64.1,7.4,4.5,92.0,1.15,cyclohexanone,3,ESE,"Leaking tank, chemical is not burning",Double storied,Urban or forest,Instantaneous,7.4,vertical,26.0,1.15,5,Concrete,cubic meters,Hole,Liquid
6.0,2.0,23.0,86.0,24.0,29.77,9.2,1.8,19.0,1.62,cyclohexanone,3,NE,"Leaking tank, chemical is not burning",Double storied,open country,Continue,9.2,Horizontal,23.0,1.62,24,Concrete,cubic meters,pipe/valve,Liquid
4.0,5.0,32.0,85.0,41.0,39.63,8.9,9.4,63.0,1.06,cyclohexanone,3,NE,"Leaking tank, chemical is not burning",Single office,Urban or forest,Instantaneous,8.9,vertical,32.0,1.06,6,Concrete,cubic meters,Hole,Liquid
6.0,9.0,28.0,77.0,53.0,58.34,6.3,5.4,82.0,1.81,cyclohexanone,3,NNE,"Leaking tank, chemical is not burning",Single office,Urban or forest,Continue,6.3,vertical,28.0,1.81,17,Concrete,cubic meters,Hole,Liquid
4.0,2.0,32.0,81.0,16.0,79.84,6.5,8.8,66.0,2.75,cyclohexanone,3,ESE,"Leaking tank, chemical is not burning",Single office,open country,Continue,6.5,vertical,32.0,2.75,18,Concrete,cubic meters,pipe/valve,Liquid
5.0,7.0,26.0,82.0,20.0,98.12,8.3,5.8,80.0,2.23,cyclohexanone,3,ESE,"Leaking tank, chemical is not burning",Enclosed office,Urban or forest,Instantaneous,8.3,vertical,26.0,2.23,2,Concrete,cubic meters,pipe/valve,Liquid
5.0,7.0,20.0,78.0,49.0,87.68,4.2,7.9,2.0,0.77,cyclohexanone,3,ENE,"Leaking tank, chemical is not burning",Double storied,Urban or forest,Continue,4.2,vertical,20.0,0.77,12,Concrete,cubic meters,pipe/valve,Liquid
6.0,2.0,25.0,77.0,30.0,21.34,3.5,3.7,98.0,2.39,cyclohexanone,3,NNE,"Leaking tank, chemical is not burning",Double storied,open country,Instantaneous,3.5,Sphere,25.0,2.39,24,Concrete,cubic meters,pipe/valve,Liquid
5.0,6.0,28.0,85.0,32.0,28.66,2.0,7.2,55.0,2.81,cyclohexanone,3,ESE,"Leaking tank, chemical is not burning",Single office,open country,Continue,2.0,vertical,28.0,2.81,3,Concrete,cubic meters,Hole,Liquid
4.0,5.0,19.0,86.0,36.0,46.54,4.0,5.9,49.0,2.55,cyclohexanone,3,NNE,"Leaking tank, chemical is not burning",Enclosed office,Urban or forest,Continue,4.0,Horizontal,19.0,2.55,25,Concrete,cubic meters,pipe/valve,Liquid
4.0,10.0,20.0,80.0,48.0,78.68,9.8,1.9,2.0,2.51,cyclohexanone,3,NE,"Leaking tank, chemical is not burning",Single office,open country,Continue,9.8,Sphere,20.0,2.51,31,Concrete,cubic meters,pipe/valve,Liquid
4.0,3.0,28.0,86.0,20.0,20.0,8.2,4.6,33.0,1.84,cyclohexanone,3,NE,"Leaking tank, chemical is not burning",Double storied,Urban or forest,Instantaneous,8.2,Horizontal,28.0,1.84,6,Concrete,cubic meters,pipe/valve,Liquid
5.0,3.0,22.0,86.0,32.0,37.38,4.8,6.4,38.0,2.69,cyclohexanone,3,NE,"Leaking tank, chemical is not burning",Enclosed office,Urban or forest,Instantaneous,4.8,Horizontal,22.0,2.69,9,Concrete,cubic meters,Hole,Liquid
4.0,8.0,20.0,80.0,14.0,21.83,0.8,9.5,55.0,2.01,cyclohexanone,3,ESE,"Leaking tank, chemical is not burning",Single office,open country,Instantaneous,0.8,vertical,20.0,2.01,25,Concrete,cubic meters,pipe/valve,Liquid
4.0,9.0,23.0,81.0,31.0,45.57,0.7,7.4,100.0,2.33,cyclohexanone,3,ENE,"Leaking tank, chemical is not burning",Enclosed office,open country,Instantaneous,0.7,vertical,23.0,2.33,8,Concrete,cubic meters,pipe/valve,Liquid
6.0,9.0,21.0,85.0,26.0,52.05,1.9,9.7,13.0,1.87,cyclohexanone,3,ESE,"Leaking tank, chemical is not burning",Double storied,open country,Instantaneous,1.9,vertical,21.0,1.87,6,Concrete,cubic meters,pipe/valve,Liquid
5.0,2.0,29.0,81.0,24.0,34.84,0.8,7.3,13.0,2.26,cyclohexanone,3,NNE,"Leaking tank, chemical is not burning",Enclosed office,Urban or forest,Instantaneous,0.8,Sphere,29.0,2.26,4,Concrete,cubic meters,Hole,Liquid
6.0,9.0,22.0,83.0,38.0,43.51,4.3,0.6,97.0,1.86,cyclohexanone,3,ENE,"Leaking tank, chemical is not burning",Enclosed office,open country,Continue,4.3,Horizontal,22.0,1.86,14,Concrete,cubic meters,pipe/valve,Liquid
4.0,1.0,21.0,80.0,35.0,92.1,1.1,5.3,99.0,0.91,cyclohexanone,3,ENE,"Leaking tank, chemical is not burning",Enclosed office,Urban or forest,Continue,1.1,vertical,21.0,0.91,22,Concrete,cubic meters,pipe/valve,Liquid
3.0,4.0,29.0,80.0,15.0,35.64,1.4,6.9,19.0,2.43,cyclohexanone,3,ESE,"Leaking tank, chemical is not burning",Single office,Urban or forest,Instantaneous,1.4,vertical,29.0,2.43,27,Concrete,cubic meters,Hole,Liquid
4.0,5.0,19.0,83.0,45.0,76.17,8.5,9.1,5.0,1.09,cyclohexanone,3,NE,"Leaking tank, chemical is not burning",Double storied,Urban or forest,Instantaneous,8.5,Horizontal,19.0,1.09,6,Concrete,cubic meters,Hole,Liquid
4.0,8.0,19.0,81.0,29.0,8.85,9.4,5.7,25.0,1.54,cyclohexanone,3,NE,"Leaking tank, chemical is not burning",Double storied,Urban or forest,Continue,9.4,Horizontal,19.0,1.54,13,Concrete,cubic meters,pipe/valve,Liquid
6.0,2.0,31.0,85.0,41.0,33.49,3.9,9.0,43.0,1.63,cyclohexanone,3,NNE,"Leaking tank, chemical is not burning",Double storied,open country,Instantaneous,3.9,vertical,31.0,1.63,16,Concrete,cubic meters,pipe/valve,Liquid
4.0,9.0,20.0,85.0,10.0,27.09,1.7,4.1,90.0,1.73,cyclohexanone,3,NE,"Leaking tank, chemical is not burning",Single office,open country,Instantaneous,1.7,vertical,20.0,1.73,9,Concrete,cubic meters,Hole,Liquid
5.0,7.0,30.0,81.0,10.0,5.93,1.0,9.9,32.0,1.58,cyclohexanone,3,ESE,"Leaking tank, chemical is not burning",Single office,Urban or forest,Continue,1.0,vertical,30.0,1.58,7,Concrete,cubic meters,Hole,Liquid
6.0,7.0,18.0,83.0,2.0,55.84,3.5,1.7,53.0,2.32,cyclohexanone,3,NE,"Leaking tank, chemical is not burning",Enclosed office,Urban or forest,Continue,3.5,vertical,18.0,2.32,24,Concrete,cubic meters,pipe/valve,Liquid
4.0,3.0,34.0,87.0,33.0,17.34,7.7,6.8,68.0,2.08,cyclohexanone,3,ENE,"Leaking tank, chemical is not burning",Single office,Urban or forest,Instantaneous,7.7,Sphere,34.0,2.08,19,Concrete,cubic meters,pipe/valve,Liquid
5.0,0.0,26.0,80.0,47.0,87.55,8.6,3.0,89.0,2.63,cyclohexanone,3,NE,"Leaking tank, chemical is not burning",Single office,Urban or forest,Continue,8.6,Horizontal,26.0,2.63,5,Concrete,cubic meters,Hole,Liquid
3.0,1.0,23.0,83.0,22.0,12.23,7.4,4.2,37.0,2.84,cyclohexanone,3,NE,"Leaking tank, chemical is not burning",Single office,open country,Instantaneous,7.4,Horizontal,23.0,2.84,30,Concrete,cubic meters,Hole,Liquid
5.0,5.0,24.0,81.0,7.0,39.08,1.3,3.5,8.0,1.02,cyclohexanone,3,ENE,"Leaking tank, chemical is not burning",Enclosed office,Urban or forest,Instantaneous,1.3,vertical,24.0,1.02,9,Concrete,cubic meters,Hole,Liquid
4.0,5.0,32.0,79.0,6.0,72.43,5.4,6.8,77.0,1.94,cyclohexanone,3,NE,"Leaking tank, chemical is not burning",Enclosed office,open country,Continue,5.4,Sphere,32.0,1.94,17,Concrete,cubic meters,Hole,Liquid
3.0,8.0,32.0,82.0,19.0,41.96,4.7,6.4,29.0,2.88,cyclohexanone,3,NNE,"Leaking tank, chemical is not burning",Double storied,Urban or forest,Continue,4.7,Sphere,32.0,2.88,3,Concrete,cubic meters,Hole,Liquid
5.0,0.0,22.0,81.0,43.0,15.65,2.9,2.3,64.0,0.97,cyclohexanone,3,ESE,"Leaking tank, chemical is not burning",Double storied,open country,Instantaneous,2.9,vertical,22.0,0.97,14,Concrete,cubic meters,Hole,Liquid
6.0,7.0,26.0,78.0,3.0,49.47,5.0,8.4,58.0,0.9,cyclohexanone,3,ESE,"Leaking tank, chemical is not burning",Double storied,Urban or forest,Continue,5.0,Sphere,26.0,0.9,11,Concrete,cubic meters,Hole,Liquid
4.0,8.0,19.0,80.0,39.0,61.7,8.8,7.8,30.0,1.67,cyclohexanone,3,ENE,"Leaking tank, chemical is not burning",Double storied,Urban or forest,Continue,8.8,Sphere,19.0,1.67,15,Concrete,cubic meters,Hole,Liquid
4.0,6.0,34.0,77.0,9.0,23.04,7.8,4.5,91.0,2.57,cyclohexanone,3,NE,"Leaking tank, chemical is not burning",Single office,open country,Continue,7.8,Sphere,34.0,2.57,25,Concrete,cubic meters,pipe/valve,Liquid
5.0,5.0,23.0,86.0,22.0,84.47,5.7,7.8,65.0,2.56,cyclohexanone,3,NE,"Leaking tank, chemical is not burning",Enclosed office,open country,Continue,5.7,Sphere,23.0,2.56,19,Concrete,cubic meters,Hole,Liquid
4.0,8.0,20.0,78.0,57.0,83.19,3.0,6.2,80.0,0.94,cyclohexanone,3,NNE,"Leaking tank, chemical is not burning",Double storied,Urban or forest,Instantaneous,3.0,Sphere,20.0,0.94,23,Concrete,cubic meters,Hole,Liquid
5.0,8.0,31.0,79.0,19.0,6.6,1.2,9.2,24.0,0.92,cyclohexanone,3,ESE,"Leaking tank, chemical is not burning",Double storied,Urban or forest,Continue,1.2,Horizontal,31.0,0.92,9,Concrete,cubic meters,pipe/valve,Liquid
5.0,1.0,34.0,78.0,19.0,11.07,2.5,7.3,11.0,0.95,cyclohexanone,3,ESE,"Leaking tank, chemical is not burning",Enclosed office,open country,Instantaneous,2.5,Sphere,34.0,0.95,6,Concrete,cubic meters,pipe/valve,Liquid
6.0,0.0,34.0,85.0,13.0,37.87,2.0,7.0,37.0,1.84,cyclohexanone,3,NNE,"Leaking tank, chemical is not burning",Enclosed office,open country,Instantaneous,2.0,Sphere,34.0,1.84,24,Concrete,cubic meters,pipe/valve,Liquid
5.0,1.0,35.0,81.0,29.0,74.3,4.2,3.2,51.0,1.9,cyclohexanone,3,NE,"Leaking tank, chemical is not burning",Double storied,Urban or forest,Instantaneous,4.2,vertical,35.0,1.9,26,Concrete,cubic meters,Hole,Liquid
3.0,6.0,26.0,78.0,17.0,41.07,6.1,4.0,6.0,2.12,cyclohexanone,3,ESE,"Leaking tank, chemical is not burning",Enclosed office,Urban or forest,Continue,6.1,vertical,26.0,2.12,11,Concrete,cubic meters,pipe/valve,Liquid
4.0,2.0,32.0,77.0,16.0,88.67,1.2,5.5,70.0,1.75,cyclohexanone,3,NE,"Leaking tank, chemical is not burning",Single office,open country,Instantaneous,1.2,vertical,32.0,1.75,15,Concrete,cubic meters,Hole,Liquid
3.0,7.0,33.0,84.0,34.0,56.77,8.6,0.7,34.0,2.15,cyclohexanone,3,NE,"Leaking tank, chemical is not burning",Single office,Urban or forest,Instantaneous,8.6,Sphere,33.0,2.15,3,Concrete,cubic meters,pipe/valve,Liquid
3.0,4.0,25.0,84.0,54.0,3.46,9.4,1.6,10.0,1.96,cyclohexanone,3,NE,"Leaking tank, chemical is not burning",Double storied,Urban or forest,Continue,9.4,Sphere,25.0,1.96,21,Concrete,cubic meters,Hole,Liquid
5.0,6.0,29.0,86.0,36.0,9.58,4.6,6.8,84.0,2.43,cyclohexanone,3,NNE,"Leaking tank, chemical is not burning",Enclosed office,Urban or forest,Instantaneous,4.6,Sphere,29.0,2.43,7,Concrete,cubic meters,Hole,Liquid
5.0,3.0,29.0,83.0,51.0,66.74,9.8,6.2,67.0,1.54,cyclohexanone,3,NNE,"Leaking tank, chemical is not burning",Enclosed office,open country,Continue,9.8,Horizontal,29.0,1.54,24,Concrete,cubic meters,Hole,Liquid
3.0,5.0,20.0,80.0,29.0,41.66,1.0,6.7,57.0,2.62,cyclohexanone,3,NE,"Leaking tank, chemical is not burning",Double storied,Urban or forest,Instantaneous,1.0,vertical,20.0,2.62,17,Concrete,cubic meters,pipe/valve,Liquid
5.0,6.0,23.0,78.0,1.0,13.12,3.7,1.0,22.0,2.59,cyclohexanone,3,ENE,"Leaking tank, chemical is not burning",Single office,Urban or forest,Continue,3.7,Sphere,23.0,2.59,24,Concrete,cubic meters,pipe/valve,Liquid
4.0,1.0,22.0,86.0,36.0,46.16,9.5,1.2,1.0,1.89,cyclohexanone,3,NNE,"Leaking tank, chemical is not burning",Enclosed office,open country,Continue,9.5,Horizontal,22.0,1.89,5,Concrete,cubic meters,Hole,Liquid
5.0,6.0,32.0,82.0,16.0,30.7,1.1,7.6,10.0,1.49,cyclohexanone,3,ESE,"Leaking tank, chemical is not burning",Enclosed office,Urban or forest,Continue,1.1,vertical,32.0,1.49,6,Concrete,cubic meters,Hole,Liquid
5.0,7.0,24.0,78.0,4.0,30.63,8.7,1.9,60.0,1.51,cyclohexanone,3,NE,"Leaking tank, chemical is not burning",Single office,Urban or forest,Instantaneous,8.7,Horizontal,24.0,1.51,12,Concrete,cubic meters,Hole,Liquid
5.0,0.0,25.0,80.0,56.0,10.16,9.4,3.1,74.0,2.3,cyclohexanone,3,ENE,"Leaking tank, chemical is not burning",Single office,Urban or forest,Instantaneous,9.4,Horizontal,25.0,2.3,27,Concrete,cubic meters,pipe/valve,Liquid
6.0,2.0,20.0,80.0,60.0,56.57,9.1,3.4,94.0,1.44,cyclohexanone,3,ESE,"Leaking tank, chemical is not burning",Enclosed office,Urban or forest,Continue,9.1,vertical,20.0,1.44,14,Concrete,cubic meters,pipe/valve,Liquid
6.0,2.0,32.0,83.0,34.0,91.99,3.7,1.4,88.0,2.71,cyclohexanone,3,NE,"Leaking tank, chemical is not burning",Single office,open country,Instantaneous,3.7,Horizontal,32.0,2.71,4,Concrete,cubic meters,pipe/valve,Liquid
4.0,3.0,20.0,79.0,56.0,26.02,9.3,5.2,54.0,1.96,cyclohexanone,3,NNE,"Leaking tank, chemical is not burning",Single office,Urban or forest,Continue,9.3,vertical,20.0,1.96,27,Concrete,cubic meters,pipe/valve,Liquid
5.0,8.0,30.0,79.0,5.0,42.47,3.3,2.3,21.0,1.68,cyclohexanone,3,NNE,"Leaking tank, chemical is not burning",Enclosed office,open country,Continue,3.3,Sphere,30.0,1.68,14,Concrete,cubic meters,pipe/valve,Liquid
3.0,6.0,31.0,85.0,20.0,80.43,7.1,8.3,43.0,1.72,cyclohexanone,3,ENE,"Leaking tank, chemical is not burning",Enclosed office,open country,Continue,7.1,Horizontal,31.0,1.72,10,Concrete,cubic meters,Hole,Liquid
4.0,9.0,24.0,83.0,56.0,19.22,2.9,3.7,95.0,1.78,cyclohexanone,3,ENE,"Leaking tank, chemical is not burning",Enclosed office,open country,Instantaneous,2.9,vertical,24.0,1.78,9,Concrete,cubic meters,pipe/valve,Liquid
3.0,3.0,26.0,77.0,39.0,72.85,7.7,3.6,88.0,2.49,cyclohexanone,3,NNE,"Leaking tank, chemical is not burning",Single office,open country,Continue,7.7,vertical,26.0,2.49,25,Concrete,cubic meters,pipe/valve,Liquid
6.0,0.0,28.0,86.0,47.0,65.2,2.5,1.4,78.0,2.85,cyclohexanone,3,ESE,"Leaking tank, chemical is not burning",Double storied,open country,Continue,2.5,Horizontal,28.0,2.85,21,Concrete,cubic meters,pipe/valve,Liquid
6.0,2.0,26.0,79.0,21.0,60.08,8.8,2.7,98.0,1.11,cyclohexanone,3,ENE,"Leaking tank, chemical is not burning",Enclosed office,open country,Instantaneous,8.8,Horizontal,26.0,1.11,8,Concrete,cubic meters,Hole,Liquid
6.0,2.0,32.0,85.0,47.0,31.06,5.7,2.0,83.0,1.62,cyclohexanone,3,ENE,"Leaking tank, chemical is not burning",Single office,Urban or forest,Continue,5.7,Horizontal,32.0,1.62,31,Concrete,cubic meters,pipe/valve,Liquid
3.0,0.0,21.0,86.0,22.0,4.32,4.3,2.8,35.0,2.25,cyclohexanone,3,NE,"Leaking tank, chemical is not burning",Enclosed office,open country,Continue,4.3,vertical,21.0,2.25,5,Concrete,cubic meters,pipe/valve,Liquid
3.0,4.0,32.0,84.0,17.0,11.63,0.6,0.6,72.0,1.06,cyclohexanone,3,NE,"Leaking tank, chemical is not burning",Enclosed office,Urban or forest,Continue,0.6,Horizontal,32.0,1.06,31,Concrete,cubic meters,Hole,Liquid
3.0,8.0,26.0,78.0,48.0,50.1,4.1,6.3,58.0,2.0,cyclohexanone,3,ESE,"Leaking tank, chemical is not burning",Single office,open country,Continue,4.1,vertical,26.0,2.0,10,Concrete,cubic meters,pipe/valve,Liquid
4.0,1.0,21.0,77.0,3.0,27.75,9.6,8.3,17.0,0.96,cyclohexanone,3,ENE,"Leaking tank, chemical is not burning",Enclosed office,open country,Instantaneous,9.6,vertical,21.0,0.96,10,Concrete,cubic meters,Hole,Liquid
6.0,1.0,20.0,84.0,3.0,71.34,7.2,5.4,27.0,0.9,cyclohexanone,3,ENE,"Leaking tank, chemical is not burning",Single office,Urban or forest,Continue,7.2,Sphere,20.0,0.9,0,Concrete,cubic meters,pipe/valve,Liquid
5.0,8.0,22.0,87.0,3.0,0.12,8.0,2.6,3.0,1.49,cyclohexanone,3,ESE,"Leaking tank, chemical is not burning",Double storied,Urban or forest,Continue,8.0,Horizontal,22.0,1.49,23,Concrete,cubic meters,Hole,Liquid
6.0,6.0,30.0,85.0,9.0,4.91,9.6,4.1,39.0,1.65,cyclohexanone,3,NNE,"Leaking tank, chemical is not burning",Enclosed office,Urban or forest,Continue,9.6,Sphere,30.0,1.65,28,Concrete,cubic meters,Hole,Liquid
3.0,8.0,22.0,82.0,32.0,81.36,8.5,2.8,93.0,2.82,cyclohexanone,3,ESE,"Leaking tank, chemical is not burning",Double storied,open country,Instantaneous,8.5,Sphere,22.0,2.82,13,Concrete,cubic meters,Hole,Liquid
5.0,5.0,34.0,81.0,39.0,86.87,2.5,8.0,27.0,1.86,cyclohexanone,3,NE,"Leaking tank, chemical is not burning",Single office,open country,Continue,2.5,vertical,34.0,1.86,1,Concrete,cubic meters,pipe/valve,Liquid
5.0,1.0,34.0,85.0,43.0,33.05,9.5,2.4,65.0,1.76,cyclohexanone,3,ENE,"Leaking tank, chemical is not burning",Enclosed office,open country,Continue,9.5,Sphere,34.0,1.76,6,Concrete,cubic meters,pipe/valve,Liquid
6.0,3.0,24.0,85.0,5.0,89.04,3.3,3.3,71.0,0.99,cyclohexanone,3,NNE,"Leaking tank, chemical is not burning",Single office,Urban or forest,Instantaneous,3.3,Sphere,24.0,0.99,26,Concrete,cubic meters,Hole,Liquid
5.0,5.0,30.0,84.0,32.0,24.31,2.1,7.3,42.0,0.76,cyclohexanone,3,ESE,"Leaking tank, chemical is not burning",Enclosed office,open country,Continue,2.1,Horizontal,30.0,0.76,15,Concrete,cubic meters,pipe/valve,Liquid
4.0,1.0,19.0,81.0,13.0,18.99,6.3,8.2,78.0,2.82,cyclohexanone,3,NNE,"Leaking tank, chemical is not burning",Single office,Urban or forest,Instantaneous,6.3,vertical,19.0,2.82,31,Concrete,cubic meters,pipe/valve,Liquid
4.0,2.0,28.0,77.0,4.0,31.48,8.0,3.7,1.0,2.7,cyclohexanone,3,ENE,"Leaking tank, chemical is not burning",Double storied,Urban or forest,Instantaneous,8.0,Horizontal,28.0,2.7,2,Concrete,cubic meters,Hole,Liquid
5.0,6.0,19.0,78.0,7.0,99.2,5.8,1.0,20.0,2.45,cyclohexanone,3,NNE,"Leaking tank, chemical is not burning",Double storied,open country,Instantaneous,5.8,vertical,19.0,2.45,1,Concrete,cubic meters,pipe/valve,Liquid
4.0,5.0,33.0,78.0,39.0,60.78,2.8,4.8,5.0,2.17,cyclohexanone,3,ESE,"Leaking tank, chemical is not burning",Double storied,Urban or forest,Instantaneous,2.8,Horizontal,33.0,2.17,25,Concrete,cubic meters,pipe/valve,Liquid
5.0,7.0,23.0,85.0,19.0,81.99,7.0,6.1,77.0,0.85,cyclohexanone,3,NE,"Leaking tank, chemical is not burning",Single office,open country,Continue,7.0,Horizontal,23.0,0.85,19,Concrete,cubic meters,Hole,Liquid
4.0,1.0,24.0,79.0,40.0,77.96,4.0,4.0,96.0,2.35,cyclohexanone,3,NE,"Leaking tank, chemical is not burning",Single office,open country,Continue,4.0,Horizontal,24.0,2.35,15,Concrete,cubic meters,Hole,Liquid
5.0,4.0,27.0,80.0,23.0,93.46,1.4,2.4,74.0,2.21,cyclohexanone,3,ESE,"Leaking tank, chemical is not burning",Enclosed office,Urban or forest,Continue,1.4,vertical,27.0,2.21,18,Concrete,cubic meters,pipe/valve,Liquid
3.0,0.0,22.0,86.0,26.0,81.07,2.7,9.7,68.0,2.74,cyclohexanone,3,NNE,"Leaking tank, chemical is not burning",Single office,open country,Continue,2.7,vertical,22.0,2.74,9,Concrete,cubic meters,pipe/valve,Liquid
4.0,5.0,19.0,80.0,46.0,68.12,2.6,2.2,82.0,1.41,cyclohexanone,3,ENE,"Leaking tank, chemical is not burning",Single office,open country,Instantaneous,2.6,Sphere,19.0,1.41,28,Concrete,cubic meters,Hole,Liquid
3.0,1.0,21.0,82.0,41.0,45.9,4.3,7.2,34.0,1.23,cyclohexanone,3,NNE,"Leaking tank, chemical is not burning",Enclosed office,open country,Instantaneous,4.3,Horizontal,21.0,1.23,12,Concrete,cubic meters,pipe/valve,Liquid
3.0,2.0,19.0,78.0,3.0,51.44,6.2,2.9,35.0,0.8,cyclohexanone,3,ENE,"Leaking tank, chemical is not burning",Single office,open country,Instantaneous,6.2,vertical,19.0,0.8,21,Concrete,cubic meters,Hole,Liquid
6.0,9.0,23.0,85.0,51.0,98.64,3.2,3.6,13.0,2.35,cyclohexanone,3,NNE,"Leaking tank, chemical is not burning",Double storied,open country,Continue,3.2,Horizontal,23.0,2.35,4,Concrete,cubic meters,pipe/valve,Liquid
6.0,2.0,23.0,85.0,7.0,20.36,6.0,4.6,84.0,1.57,cyclohexanone,3,ESE,"Leaking tank, chemical is not burning",Single office,Urban or forest,Instantaneous,6.0,Horizontal,23.0,1.57,12,Concrete,cubic meters,pipe/valve,Liquid
6.0,4.0,24.0,78.0,5.0,70.31,4.5,8.0,49.0,1.39,cyclohexanone,3,NE,"Leaking tank, chemical is not burning",Double storied,open country,Continue,4.5,Horizontal,24.0,1.39,13,Concrete,cubic meters,pipe/valve,Liquid
3.0,4.0,30.0,84.0,23.0,96.36,1.3,8.7,11.0,2.83,cyclohexanone,3,ENE,"Leaking tank, chemical is not burning",Single office,open country,Instantaneous,1.3,Horizontal,30.0,2.83,8,Concrete,cubic meters,pipe/valve,Liquid
5.0,9.0,31.0,84.0,4.0,36.3,9.1,6.5,28.0,2.44,cyclohexanone,3,NE,"Leaking tank, chemical is not burning",Double storied,Urban or forest,Continue,9.1,Horizontal,31.0,2.44,0,Concrete,cubic meters,pipe/valve,Liquid
3.0,4.0,21.0,86.0,48.0,68.67,5.5,1.5,10.0,1.66,cyclohexanone,3,NNE,"Leaking tank, chemical is not burning",Single office,open country,Continue,5.5,Horizontal,21.0,1.66,20,Concrete,cubic meters,Hole,Liquid
3.0,1.0,31.0,85.0,33.0,86.21,9.9,8.9,53.0,2.53,cyclohexanone,3,NNE,"Leaking tank, chemical is not burning",Double storied,Urban or forest,Continue,9.9,vertical,31.0,2.53,22,Concrete,cubic meters,pipe/valve,Liquid
6.0,3.0,29.0,86.0,30.0,99.59,5.0,0.8,81.0,1.38,cyclohexanone,3,ENE,"Leaking tank, chemical is not burning",Single office,open country,Continue,5.0,Horizontal,29.0,1.38,1,Concrete,cubic meters,Hole,Liquid
4.0,4.0,24.0,82.0,59.0,32.24,7.0,9.3,81.0,2.06,cyclohexanone,3,NE,"Leaking tank, chemical is not burning",Single office,Urban or forest,Instantaneous,7.0,Sphere,24.0,2.06,10,Concrete,cubic meters,pipe/valve,Liquid
6.0,10.0,18.0,82.0,41.0,19.63,9.0,2.4,54.0,1.36,cyclohexanone,3,ENE,"Leaking tank, chemical is not burning",Enclosed office,open country,Instantaneous,9.0,Sphere,18.0,1.36,20,Concrete,cubic meters,pipe/valve,Liquid
5.0,6.0,34.0,83.0,18.0,5.43,1.5,4.1,14.0,1.07,cyclohexanone,3,NNE,"Leaking tank, chemical is not burning",Enclosed office,open country,Instantaneous,1.5,vertical,34.0,1.07,4,Concrete,cubic meters,Hole,Liquid
3.0,6.0,20.0,77.0,1.0,52.74,8.1,8.2,0.0,1.42,cyclohexanone,3,NE,"Leaking tank, chemical is not burning",Double storied,open country,Continue,8.1,vertical,20.0,1.42,7,Concrete,cubic meters,Hole,Liquid
5.0,3.0,32.0,87.0,4.0,74.55,0.5,5.6,33.0,2.41,cyclohexanone,3,NE,"Leaking tank, chemical is not burning",Double storied,Urban or forest,Continue,0.5,vertical,32.0,2.41,19,Concrete,cubic meters,pipe/valve,Liquid
4.0,9.0,27.0,82.0,18.0,25.8,2.3,1.6,0.0,2.65,cyclohexanone,3,NE,"Leaking tank, chemical is not burning",Single office,open country,Continue,2.3,Sphere,27.0,2.65,10,Concrete,cubic meters,pipe/valve,Liquid
6.0,10.0,20.0,78.0,21.0,35.75,2.6,5.2,62.0,1.22,cyclohexanone,3,ENE,"Leaking tank, chemical is not burning",Enclosed office,Urban or forest,Instantaneous,2.6,vertical,20.0,1.22,10,Concrete,cubic meters,Hole,Liquid
3.0,9.0,28.0,86.0,59.0,83.91,3.0,1.5,41.0,1.29,cyclohexanone,3,NE,"Leaking tank, chemical is not burning",Single office,Urban or forest,Continue,3.0,Sphere,28.0,1.29,3,Concrete,cubic meters,pipe/valve,Liquid
5.0,6.0,32.0,82.0,42.0,94.41,2.3,7.0,93.0,2.09,cyclohexanone,3,NE,"Leaking tank, chemical is not burning",Single office,open country,Instantaneous,2.3,Horizontal,32.0,2.09,7,Concrete,cubic meters,Hole,Liquid
5.0,5.0,33.0,80.0,32.0,88.54,9.2,5.3,29.0,1.53,cyclohexanone,3,NNE,"Leaking tank, chemical is not burning",Double storied,Urban or forest,Instantaneous,9.2,vertical,33.0,1.53,5,Concrete,cubic meters,pipe/valve,Liquid
5.0,8.0,29.0,81.0,53.0,75.48,5.3,5.8,6.0,1.8,cyclohexanone,3,ESE,"Leaking tank, chemical is not burning",Enclosed office,Urban or forest,Continue,5.3,Horizontal,29.0,1.8,8,Concrete,cubic meters,pipe/valve,Liquid
4.0,4.0,24.0,84.0,58.0,28.31,9.2,7.1,85.0,1.03,cyclohexanone,3,ESE,"Leaking tank, chemical is not burning",Single office,Urban or forest,Continue,9.2,Sphere,24.0,1.03,13,Concrete,cubic meters,pipe/valve,Liquid
6.0,0.0,23.0,79.0,53.0,75.0,5.9,7.3,72.0,1.0,cyclohexanone,3,ESE,"Leaking tank, chemical is not burning",Single office,Urban or forest,Continue,5.9,Sphere,23.0,1.0,2,Concrete,cubic meters,Hole,Liquid
4.0,5.0,30.0,86.0,37.0,60.59,8.6,7.6,54.0,2.13,cyclohexanone,3,ESE,"Leaking tank, chemical is not burning",Enclosed office,Urban or forest,Instantaneous,8.6,vertical,30.0,2.13,11,Concrete,cubic meters,Hole,Liquid
4.0,10.0,34.0,83.0,44.0,13.96,8.4,3.8,36.0,1.34,cyclohexanone,3,ESE,"Leaking tank, chemical is not burning",Enclosed office,open country,Continue,8.4,vertical,34.0,1.34,12,Concrete,cubic meters,pipe/valve,Liquid
4.0,8.0,18.0,78.0,28.0,53.47,4.0,6.0,77.0,1.48,cyclohexanone,3,ENE,"Leaking tank, chemical is not burning",Single office,Urban or forest,Instantaneous,4.0,Horizontal,18.0,1.48,27,Concrete,cubic meters,pipe/valve,Liquid
3.0,6.0,34.0,80.0,15.0,44.84,9.7,5.1,94.0,0.97,cyclohexanone,3,NNE,"Leaking tank, chemical is not burning",Single office,open country,Instantaneous,9.7,Sphere,34.0,0.97,30,Concrete,cubic meters,pipe/valve,Liquid
4.0,3.0,32.0,82.0,21.0,86.64,9.3,6.0,83.0,0.89,cyclohexanone,3,NE,"Leaking tank, chemical is not burning",Single office,open country,Instantaneous,9.3,Horizontal,32.0,0.89,22,Concrete,cubic meters,Hole,Liquid
3.0,2.0,27.0,86.0,25.0,70.43,5.3,4.5,52.0,1.55,cyclohexanone,3,NNE,"Leaking tank, chemical is not burning",Double storied,Urban or forest,Instantaneous,5.3,Horizontal,27.0,1.55,18,Concrete,cubic meters,pipe/valve,Liquid
6.0,1.0,29.0,81.0,6.0,57.4,6.2,8.3,26.0,2.92,cyclohexanone,3,ENE,"Leaking tank, chemical is not burning",Single office,open country,Continue,6.2,Horizontal,29.0,2.92,13,Concrete,cubic meters,Hole,Liquid
4.0,1.0,27.0,85.0,30.0,1.91,1.1,9.5,39.0,1.35,cyclohexanone,3,NNE,"Leaking tank, chemical is not burning",Double storied,open country,Instantaneous,1.1,vertical,27.0,1.35,7,Concrete,cubic meters,pipe/valve,Liquid
5.0,2.0,35.0,87.0,45.0,16.48,4.3,8.1,50.0,1.82,cyclohexanone,3,NNE,"Leaking tank, chemical is not burning",Double storied,open country,Continue,4.3,Sphere,35.0,1.82,18,Concrete,cubic meters,Hole,Liquid
4.0,0.0,32.0,85.0,22.0,89.35,6.9,4.4,33.0,2.96,cyclohexanone,3,ESE,"Leaking tank, chemical is not burning",Enclosed office,open country,Instantaneous,6.9,Sphere,32.0,2.96,15,Concrete,cubic meters,pipe/valve,Liquid
4.0,4.0,31.0,79.0,7.0,6.7,6.8,9.4,4.0,2.27,cyclohexanone,3,NE,"Leaking tank, chemical is not burning",Double storied,Urban or forest,Continue,6.8,Horizontal,31.0,2.27,15,Concrete,cubic meters,pipe/valve,Liquid
5.0,10.0,22.0,86.0,46.0,79.56,4.2,3.3,46.0,1.46,cyclohexanone,3,NE,"Leaking tank, chemical is not burning",Double storied,open country,Instantaneous,4.2,Horizontal,22.0,1.46,25,Concrete,cubic meters,pipe/valve,Liquid
5.0,2.0,25.0,79.0,54.0,17.88,7.0,7.8,56.0,1.47,cyclohexanone,3,NE,"Leaking tank, chemical is not burning",Single office,Urban or forest,Continue,7.0,Sphere,25.0,1.47,20,Concrete,cubic meters,pipe/valve,Liquid
4.0,3.0,24.0,86.0,1.0,83.64,6.1,3.8,21.0,1.04,cyclohexanone,3,NE,"Leaking tank, chemical is not burning",Single office,Urban or forest,Continue,6.1,vertical,24.0,1.04,21,Concrete,cubic meters,Hole,Liquid
4.0,2.0,29.0,85.0,54.0,65.82,6.6,7.1,15.0,2.99,cyclohexanone,3,NE,"Leaking tank, chemical is not burning",Enclosed office,open country,Instantaneous,6.6,Sphere,29.0,2.99,24,Concrete,cubic meters,Hole,Liquid
6.0,8.0,24.0,78.0,25.0,40.82,5.9,4.0,95.0,2.93,cyclohexanone,3,NE,"Leaking tank, chemical is not burning",Double storied,open country,Continue,5.9,Horizontal,24.0,2.93,5,Concrete,cubic meters,Hole,Liquid
4.0,6.0,28.0,82.0,60.0,39.73,2.7,9.0,71.0,1.79,cyclohexanone,3,ESE,"Leaking tank, chemical is not burning",Double storied,Urban or forest,Instantaneous,2.7,Horizontal,28.0,1.79,16,Concrete,cubic meters,pipe/valve,Liquid
4.0,5.0,22.0,87.0,5.0,44.57,8.7,3.1,45.0,1.27,cyclohexanone,3,ESE,"Leaking tank, chemical is not burning",Single office,Urban or forest,Instantaneous,8.7,vertical,22.0,1.27,19,Concrete,cubic meters,pipe/valve,Liquid
4.0,4.0,33.0,80.0,8.0,20.84,5.4,3.8,18.0,2.03,cyclohexanone,3,ESE,"Leaking tank, chemical is not burning",Double storied,Urban or forest,Instantaneous,5.4,Horizontal,33.0,2.03,3,Concrete,cubic meters,Hole,Liquid
5.0,1.0,25.0,84.0,52.0,43.31,8.2,3.2,25.0,1.19,cyclohexanone,3,NNE,"Leaking tank, chemical is not burning",Enclosed office,open country,Instantaneous,8.2,vertical,25.0,1.19,9,Concrete,cubic meters,Hole,Liquid
5.0,4.0,28.0,81.0,28.0,50.59,5.6,0.5,8.0,2.01,cyclohexanone,3,ENE,"Leaking tank, chemical is not burning",Double storied,open country,Continue,5.6,vertical,28.0,2.01,15,Concrete,cubic meters,pipe/valve,Liquid
4.0,7.0,25.0,82.0,27.0,71.77,5.0,3.5,14.0,0.84,cyclohexanone,3,ESE,"Leaking tank, chemical is not burning",Enclosed office,open country,Instantaneous,5.0,Sphere,25.0,0.84,12,Concrete,cubic meters,pipe/valve,Liquid
6.0,6.0,26.0,81.0,27.0,48.44,3.6,1.3,45.0,1.59,cyclohexanone,3,ENE,"Leaking tank, chemical is not burning",Single office,Urban or forest,Continue,3.6,vertical,26.0,1.59,2,Concrete,cubic meters,pipe/valve,Liquid
5.0,3.0,33.0,79.0,56.0,52.6,0.9,8.6,70.0,2.61,cyclohexanone,3,ENE,"Leaking tank, chemical is not burning",Single office,open country,Instantaneous,0.9,vertical,33.0,2.61,16,Concrete,cubic meters,Hole,Liquid
5.0,8.0,33.0,79.0,53.0,15.06,6.3,5.4,55.0,2.6,cyclohexanone,3,NNE,"Leaking tank, chemical is not burning",Enclosed office,open country,Instantaneous,6.3,Sphere,33.0,2.6,26,Concrete,cubic meters,Hole,Liquid
4.0,2.0,22.0,81.0,8.0,73.37,9.9,8.5,97.0,2.36,cyclohexanone,3,NNE,"Leaking tank, chemical is not burning",Single office,open country,Continue,9.9,Sphere,22.0,2.36,27,Concrete,cubic meters,Hole,Liquid
3.0,7.0,26.0,80.0,34.0,2.54,6.0,1.6,44.0,1.59,cyclohexanone,3,NNE,"Leaking tank, chemical is not burning",Double storied,open country,Instantaneous,6.0,Sphere,26.0,1.59,22,Concrete,cubic meters,pipe/valve,Liquid
3.0,6.0,19.0,78.0,22.0,91.66,9.0,7.7,64.0,1.61,cyclohexanone,3,NNE,"Leaking tank, chemical is not burning",Single office,Urban or forest,Instantaneous,9.0,Sphere,19.0,1.61,8,Concrete,cubic meters,Hole,Liquid
3.0,4.0,23.0,86.0,12.0,22.32,3.9,8.9,9.0,0.86,cyclohexanone,3,NNE,"Leaking tank, chemical is not burning",Double storied,open country,Continue,3.9,Sphere,23.0,0.86,26,Concrete,cubic meters,pipe/valve,Liquid
4.0,5.0,29.0,85.0,21.0,95.28,3.2,4.2,73.0,1.99,cyclohexanone,3,NE,"Leaking tank, chemical is not burning",Single office,Urban or forest,Continue,3.2,Horizontal,29.0,1.99,13,Concrete,cubic meters,pipe/valve,Liquid
5.0,8.0,35.0,84.0,3.0,55.43,7.5,4.9,85.0,1.44,cyclohexanone,3,NNE,"Leaking tank, chemical is not burning",Single office,Urban or forest,Continue,7.5,Horizontal,35.0,1.44,13,Concrete,cubic meters,Hole,Liquid
4.0,9.0,25.0,79.0,44.0,82.62,7.9,2.1,65.0,1.71,cyclohexanone,3,NE,"Leaking tank, chemical is not burning",Double storied,Urban or forest,Continue,7.9,Horizontal,25.0,1.71,3,Concrete,cubic meters,Hole,Liquid
3.0,3.0,34.0,84.0,11.0,84.76,4.1,7.1,47.0,2.18,cyclohexanone,3,NE,"Leaking tank, chemical is not burning",Single office,Urban or forest,Continue,4.1,Horizontal,34.0,2.18,6,Concrete,cubic meters,pipe/valve,Liquid
5.0,3.0,31.0,78.0,13.0,75.89,6.0,5.2,42.0,1.13,cyclohexanone,3,NE,"Leaking tank, chemical is not burning",Enclosed office,Urban or forest,Instantaneous,6.0,vertical,31.0,1.13,20,Concrete,cubic meters,pipe/valve,Liquid
5.0,7.0,33.0,86.0,29.0,76.39,6.4,4.7,98.0,1.81,cyclohexanone,3,ESE,"Leaking tank, chemical is not burning",Double storied,Urban or forest,Instantaneous,6.4,vertical,33.0,1.81,19,Concrete,cubic meters,Hole,Liquid
5.0,3.0,31.0,80.0,55.0,3.01,2.8,6.4,85.0,2.07,cyclohexanone,3,NNE,"Leaking tank, chemical is not burning",Single office,open country,Continue,2.8,vertical,31.0,2.07,23,Concrete,cubic meters,pipe/valve,Liquid
4.0,8.0,34.0,87.0,49.0,68.93,1.5,7.9,23.0,2.2,cyclohexanone,3,NE,"Leaking tank, chemical is not burning",Enclosed office,Urban or forest,Continue,1.5,Horizontal,34.0,2.2,17,Concrete,cubic meters,pipe/valve,Liquid
5.0,2.0,26.0,84.0,37.0,53.9,5.4,3.3,16.0,2.02,cyclohexanone,3,NNE,"Leaking tank, chemical is not burning",Enclosed office,Urban or forest,Continue,5.4,Sphere,26.0,2.02,6,Concrete,cubic meters,pipe/valve,Liquid
5.0,8.0,20.0,87.0,58.0,6.18,1.8,9.6,60.0,2.45,cyclohexanone,3,NNE,"Leaking tank, chemical is not burning",Single office,open country,Instantaneous,1.8,vertical,20.0,2.45,26,Concrete,cubic meters,pipe/valve,Liquid
3.0,4.0,22.0,81.0,15.0,92.49,10.0,1.7,60.0,1.24,cyclohexanone,3,ESE,"Leaking tank, chemical is not burning",Single office,open country,Instantaneous,10.0,vertical,22.0,1.24,19,Concrete,cubic meters,pipe/valve,Liquid
4.0,4.0,31.0,81.0,38.0,2.03,4.8,6.1,37.0,0.82,cyclohexanone,3,ESE,"Leaking tank, chemical is not burning",Single office,Urban or forest,Continue,4.8,vertical,31.0,0.82,26,Concrete,cubic meters,Hole,Liquid
5.0,9.0,27.0,83.0,51.0,10.72,0.5,6.0,26.0,2.72,cyclohexanone,3,NNE,"Leaking tank, chemical is not burning",Double storied,open country,Instantaneous,0.5,Sphere,27.0,2.72,29,Concrete,cubic meters,pipe/valve,Liquid
6.0,0.0,32.0,85.0,38.0,85.7,7.3,4.5,1.0,2.28,cyclohexanone,3,NNE,"Leaking tank, chemical is not burning",Enclosed office,open country,Continue,7.3,Horizontal,32.0,2.28,2,Concrete,cubic meters,Hole,Liquid
3.0,7.0,20.0,79.0,8.0,95.78,1.3,1.4,86.0,2.56,cyclohexanone,3,ESE,"Leaking tank, chemical is not burning",Single office,Urban or forest,Instantaneous,1.3,vertical,20.0,2.56,29,Concrete,cubic meters,Hole,Liquid
4.0,0.0,18.0,85.0,29.0,59.42,9.7,2.6,17.0,1.48,cyclohexanone,3,ESE,"Leaking tank, chemical is not burning",Single office,Urban or forest,Instantaneous,9.7,vertical,18.0,1.48,13,Concrete,cubic meters,pipe/valve,Liquid
5.0,8.0,23.0,80.0,10.0,63.2,6.2,0.9,79.0,1.36,cyclohexanone,3,ENE,"Leaking tank, chemical is not burning",Double storied,open country,Continue,6.2,vertical,23.0,1.36,23,Concrete,cubic meters,Hole,Liquid
5.0,7.0,18.0,83.0,11.0,51.16,3.1,0.8,96.0,2.24,cyclohexanone,3,NNE,"Leaking tank, chemical is not burning",Double storied,Urban or forest,Continue,3.1,vertical,18.0,2.24,12,Concrete,cubic meters,Hole,Liquid
4.0,3.0,32.0,82.0,34.0,23.62,5.3,4.3,18.0,2.42,cyclohexanone,3,NE,"Leaking tank, chemical is not burning",Enclosed office,Urban or forest,Instantaneous,5.3,Sphere,32.0,2.42,30,Concrete,cubic meters,Hole,Liquid
5.0,8.0,29.0,85.0,47.0,90.15,3.6,1.2,67.0,1.93,cyclohexanone,3,NE,"Leaking tank, chemical is not burning",Single office,Urban or forest,Continue,3.6,Horizontal,29.0,1.93,14,Concrete,cubic meters,pipe/valve,Liquid
3.0,7.0,19.0,84.0,43.0,92.77,2.0,1.7,80.0,1.05,cyclohexanone,3,NNE,"Leaking tank, chemical is not burning",Double storied,open country,Instantaneous,2.0,vertical,19.0,1.05,17,Concrete,cubic meters,Hole,Liquid
5.0,0.0,30.0,84.0,31.0,88.25,3.1,6.6,89.0,2.05,cyclohexanone,3,ESE,"Leaking tank, chemical is not burning",Single office,open country,Continue,3.1,vertical,30.0,2.05,13,Concrete,cubic meters,Hole,Liquid
6.0,7.0,27.0,77.0,23.0,62.86,3.6,1.1,94.0,0.92,cyclohexanone,3,ESE,"Leaking tank, chemical is not burning",Single office,open country,Continue,3.6,vertical,27.0,0.92,8,Concrete,cubic meters,pipe/valve,Liquid
3.0,4.0,21.0,87.0,9.0,9.15,7.4,4.8,95.0,1.3,cyclohexanone,3,ENE,"Leaking tank, chemical is not burning",Double storied,Urban or forest,Instantaneous,7.4,Sphere,21.0,1.3,3,Concrete,cubic meters,Hole,Liquid
6.0,9.0,19.0,81.0,49.0,35.15,5.7,9.0,83.0,2.52,cyclohexanone,3,NE,"Leaking tank, chemical is not burning",Double storied,open country,Instantaneous,5.7,Sphere,19.0,2.52,5,Concrete,cubic meters,Hole,Liquid
4.0,6.0,18.0,78.0,43.0,10.63,5.1,1.3,40.0,1.08,cyclohexanone,3,NE,"Leaking tank, chemical is not burning",Single office,Urban or forest,Instantaneous,5.1,vertical,18.0,1.08,28,Concrete,cubic meters,pipe/valve,Liquid
4.0,7.0,26.0,79.0,52.0,47.19,8.1,1.2,38.0,2.54,cyclohexanone,3,NE,"Leaking tank, chemical is not burning",Single office,open country,Continue,8.1,Horizontal,26.0,2.54,5,Concrete,cubic meters,Hole,Liquid
5.0,2.0,35.0,78.0,22.0,75.3,4.5,3.1,4.0,2.04,cyclohexanone,3,NE,"Leaking tank, chemical is not burning",Enclosed office,open country,Continue,4.5,Sphere,35.0,2.04,20,Concrete,cubic meters,Hole,Liquid
4.0,8.0,27.0,83.0,42.0,33.91,1.5,6.1,23.0,1.65,cyclohexanone,3,NNE,"Leaking tank, chemical is not burning",Double storied,Urban or forest,Instantaneous,1.5,vertical,27.0,1.65,7,Concrete,cubic meters,Hole,Liquid
5.0,5.0,25.0,84.0,13.0,29.31,7.9,3.5,7.0,1.03,cyclohexanone,3,NE,"Leaking tank, chemical is not burning",Single office,open country,Continue,7.9,Horizontal,25.0,1.03,28,Concrete,cubic meters,Hole,Liquid
4.0,9.0,30.0,83.0,23.0,38.23,6.5,7.7,11.0,2.68,cyclohexanone,3,NE,"Leaking tank, chemical is not burning",Enclosed office,open country,Instantaneous,6.5,vertical,30.0,2.68,27,Concrete,cubic meters,Hole,Liquid
4.0,1.0,25.0,78.0,14.0,69.94,8.1,6.6,82.0,1.12,cyclohexanone,3,NNE,"Leaking tank, chemical is not burning",Enclosed office,Urban or forest,Instantaneous,8.1,Sphere,25.0,1.12,26,Concrete,cubic meters,Hole,Liquid
4.0,4.0,28.0,82.0,44.0,0.42,0.8,6.3,44.0,2.1,cyclohexanone,3,NE,"Leaking tank, chemical is not burning",Single office,open country,Instantaneous,0.8,Horizontal,28.0,2.1,19,Concrete,cubic meters,pipe/valve,Liquid
6.0,7.0,21.0,81.0,54.0,67.7,7.7,2.9,48.0,2.76,cyclohexanone,3,NNE,"Leaking tank, chemical is not burning",Enclosed office,open country,Continue,7.7,vertical,21.0,2.76,6,Concrete,cubic meters,pipe/valve,Liquid
4.0,6.0,26.0,86.0,48.0,50.77,6.4,6.8,7.0,2.53,cyclohexanone,3,NNE,"Leaking tank, chemical is not burning",Enclosed office,open country,Instantaneous,6.4,Horizontal,26.0,2.53,7,Concrete,cubic meters,Hole,Liquid
4.0,6.0,31.0,82.0,52.0,1.36,6.9,10.0,22.0,2.47,cyclohexanone,3,ESE,"Leaking tank, chemical is not burning",Enclosed office,open country,Continue,6.9,Sphere,31.0,2.47,2,Concrete,cubic meters,pipe/valve,Liquid
3.0,2.0,30.0,81.0,57.0,26.37,8.4,4.3,89.0,1.17,cyclohexanone,3,ESE,"Leaking tank, chemical is not burning",Enclosed office,open country,Instantaneous,8.4,Sphere,30.0,1.17,30,Concrete,cubic meters,Hole,Liquid
4.0,4.0,28.0,87.0,47.0,12.72,3.2,4.8,32.0,2.67,cyclohexanone,3,NNE,"Leaking tank, chemical is not burning",Enclosed office,Urban or forest,Continue,3.2,Sphere,28.0,2.67,24,Concrete,cubic meters,Hole,Liquid
4.0,3.0,33.0,82.0,28.0,21.1,4.7,9.8,39.0,2.31,cyclohexanone,3,NE,"Leaking tank, chemical is not burning",Single office,Urban or forest,Continue,4.7,Horizontal,33.0,2.31,6,Concrete,cubic meters,pipe/valve,Liquid
3.0,2.0,27.0,83.0,33.0,37.07,7.6,7.4,86.0,1.69,cyclohexanone,3,NE,"Leaking tank, chemical is not burning",Single office,open country,Continue,7.6,Horizontal,27.0,1.69,14,Concrete,cubic meters,pipe/valve,Liquid
3.0,8.0,20.0,83.0,40.0,67.3,0.6,2.5,69.0,2.98,cyclohexanone,3,NE,"Leaking tank, chemical is not burning",Double storied,open country,Continue,0.6,Horizontal,20.0,2.98,31,Concrete,cubic meters,Hole,Liquid
4.0,9.0,24.0,80.0,24.0,17.24,6.7,5.8,21.0,2.08,cyclohexanone,3,ESE,"Leaking tank, chemical is not burning",Double storied,open country,Continue,6.7,Horizontal,24.0,2.08,7,Concrete,cubic meters,Hole,Liquid
4.0,6.0,30.0,87.0,42.0,94.86,4.6,7.0,53.0,1.11,cyclohexanone,3,ENE,"Leaking tank, chemical is not burning",Enclosed office,Urban or forest,Instantaneous,4.6,Sphere,30.0,1.11,24,Concrete,cubic meters,Hole,Liquid
4.0,7.0,30.0,86.0,26.0,94.29,4.4,2.2,36.0,1.29,cyclohexanone,3,ESE,"Leaking tank, chemical is not burning",Enclosed office,open country,Continue,4.4,Sphere,30.0,1.29,25,Concrete,cubic meters,Hole,Liquid
3.0,4.0,27.0,82.0,39.0,45.05,2.2,2.1,77.0,2.14,cyclohexanone,3,NNE,"Leaking tank, chemical is not burning",Single office,open country,Continue,2.2,Horizontal,27.0,2.14,13,Concrete,cubic meters,pipe/valve,Liquid
5.0,10.0,34.0,82.0,37.0,40.61,8.4,6.5,90.0,1.85,cyclohexanone,3,NNE,"Leaking tank, chemical is not burning",Enclosed office,open country,Continue,8.4,vertical,34.0,1.85,11,Concrete,cubic meters,Hole,Liquid
3.0,7.0,22.0,81.0,40.0,78.21,0.9,9.7,78.0,1.14,cyclohexanone,3,NNE,"Leaking tank, chemical is not burning",Enclosed office,Urban or forest,Instantaneous,0.9,vertical,22.0,1.14,18,Concrete,cubic meters,pipe/valve,Liquid
5.0,1.0,31.0,82.0,14.0,14.79,3.4,2.7,80.0,2.66,cyclohexanone,3,ENE,"Leaking tank, chemical is not burning",Single office,open country,Instantaneous,3.4,Sphere,31.0,2.66,13,Concrete,cubic meters,pipe/valve,Liquid
3.0,2.0,29.0,78.0,59.0,82.02,4.6,9.3,5.0,0.87,cyclohexanone,3,ESE,"Leaking tank, chemical is not burning",Enclosed office,open country,Continue,4.6,Horizontal,29.0,0.87,8,Concrete,cubic meters,pipe/valve,Liquid
5.0,5.0,28.0,81.0,48.0,51.86,2.1,2.9,35.0,2.72,cyclohexanone,3,NE,"Leaking tank, chemical is not burning",Single office,Urban or forest,Instantaneous,2.1,vertical,28.0,2.72,26,Concrete,cubic meters,Hole,Liquid
5.0,4.0,27.0,79.0,19.0,11.88,1.2,3.4,47.0,1.99,cyclohexanone,3,ESE,"Leaking tank, chemical is not burning",Double storied,Urban or forest,Continue,1.2,vertical,27.0,1.99,27,Concrete,cubic meters,pipe/valve,Liquid
3.0,7.0,22.0,85.0,36.0,44.21,7.1,8.5,90.0,1.33,cyclohexanone,3,NNE,"Leaking tank, chemical is not burning",Double storied,Urban or forest,Instantaneous,7.1,Sphere,22.0,1.33,30,Concrete,cubic meters,Hole,Liquid
6.0,7.0,19.0,85.0,50.0,90.94,9.0,0.6,100.0,1.97,cyclohexanone,3,ENE,"Leaking tank, chemical is not burning",Double storied,open country,Instantaneous,9.0,vertical,19.0,1.97,30,Concrete,cubic meters,pipe/valve,Liquid
4.0,2.0,30.0,78.0,55.0,36.46,3.0,2.5,5.0,2.88,cyclohexanone,3,ESE,"Leaking tank, chemical is not burning",Double storied,open country,Continue,3.0,Horizontal,30.0,2.88,2,Concrete,cubic meters,Hole,Liquid
4.0,6.0,24.0,84.0,27.0,79.17,5.1,8.2,94.0,2.32,cyclohexanone,3,NNE,"Leaking tank, chemical is not burning",Single office,open country,Instantaneous,5.1,vertical,24.0,2.32,31,Concrete,cubic meters,pipe/valve,Liquid
4.0,10.0,24.0,84.0,36.0,73.3,6.8,6.6,74.0,1.25,cyclohexanone,3,NNE,"Leaking tank, chemical is not burning",Enclosed office,Urban or forest,Instantaneous,6.8,Sphere,24.0,1.25,17,Concrete,cubic meters,pipe/valve,Liquid
4.0,5.0,21.0,84.0,55.0,97.48,7.3,9.9,92.0,2.79,cyclohexanone,3,NNE,"Leaking tank, chemical is not burning",Single office,open country,Instantaneous,7.3,Sphere,21.0,2.79,31,Concrete,cubic meters,Hole,Liquid
4.0,8.0,25.0,86.0,16.0,87.01,9.3,7.5,8.0,2.38,cyclohexanone,3,NE,"Leaking tank, chemical is not burning",Single office,Urban or forest,Instantaneous,9.3,vertical,25.0,2.38,7,Concrete,cubic meters,pipe/valve,Liquid
5.0,9.0,18.0,87.0,11.0,57.05,9.7,9.8,92.0,2.18,cyclohexanone,3,NE,"Leaking tank, chemical is not burning",Enclosed office,Urban or forest,Continue,9.7,Sphere,18.0,2.18,26,Concrete,cubic meters,Hole,Liquid
5.0,3.0,33.0,83.0,20.0,42.82,8.3,5.6,82.0,2.64,cyclohexanone,3,ESE,"Leaking tank, chemical is not burning",Single office,open country,Continue,8.3,Horizontal,33.0,2.64,19,Concrete,cubic meters,pipe/valve,Liquid
5.0,10.0,19.0,84.0,51.0,66.02,1.0,6.9,10.0,2.65,cyclohexanone,3,ESE,"Leaking tank, chemical is not burning",Enclosed office,open country,Continue,1.0,Sphere,19.0,2.65,13,Concrete,cubic meters,pipe/valve,Liquid
6.0,1.0,30.0,80.0,58.0,65.65,1.9,3.2,32.0,1.08,cyclohexanone,3,ENE,"Leaking tank, chemical is not burning",Single office,Urban or forest,Instantaneous,1.9,vertical,30.0,1.08,5,Concrete,cubic meters,Hole,Liquid
4.0,5.0,27.0,81.0,56.0,0.93,5.4,1.9,49.0,1.4,cyclohexanone,3,ENE,"Leaking tank, chemical is not burning",Single office,open country,Instantaneous,5.4,vertical,27.0,1.4,15,Concrete,cubic meters,Hole,Liquid
5.0,4.0,31.0,83.0,57.0,59.68,2.7,2.0,28.0,1.2,cyclohexanone,3,ENE,"Leaking tank, chemical is not burning",Double storied,open country,Instantaneous,2.7,vertical,31.0,1.2,16,Concrete,cubic meters,pipe/valve,Liquid
4.0,8.0,34.0,80.0,46.0,26.94,3.0,3.4,56.0,0.83,cyclohexanone,3,ENE,"Leaking tank, chemical is not burning",Double storied,open country,Continue,3.0,Horizontal,34.0,0.83,24,Concrete,cubic meters,pipe/valve,Liquid
5.0,1.0,28.0,79.0,15.0,64.97,2.2,8.1,28.0,2.77,cyclohexanone,3,ESE,"Leaking tank, chemical is not burning",Single office,open country,Instantaneous,2.2,Horizontal,28.0,2.77,20,Concrete,cubic meters,Hole,Liquid
5.0,4.0,22.0,84.0,35.0,54.93,0.7,2.2,72.0,2.87,cyclohexanone,3,NNE,"Leaking tank, chemical is not burning",Double storied,open country,Continue,0.7,vertical,22.0,2.87,16,Concrete,cubic meters,pipe/valve,Liquid
4.0,7.0,23.0,86.0,8.0,70.8,7.5,3.9,23.0,2.74,cyclohexanone,3,ESE,"Leaking tank, chemical is not burning",Single office,open country,Continue,7.5,Sphere,23.0,2.74,18,Concrete,cubic meters,Hole,Liquid
5.0,1.0,20.0,80.0,33.0,38.49,2.5,9.6,75.0,0.84,cyclohexanone,3,ESE,"Leaking tank, chemical is not burning",Enclosed office,Urban or forest,Instantaneous,2.5,vertical,20.0,0.84,31,Concrete,cubic meters,pipe/valve,Liquid
6.0,1.0,33.0,86.0,12.0,14.2,5.8,5.3,24.0,2.11,cyclohexanone,3,NNE,"Leaking tank, chemical is not burning",Single office,Urban or forest,Continue,5.8,Sphere,33.0,2.11,14,Concrete,cubic meters,Hole,Liquid
5.0,3.0,27.0,81.0,46.0,77.12,1.9,0.7,18.0,0.93,cyclohexanone,3,ENE,"Leaking tank, chemical is not burning",Single office,Urban or forest,Instantaneous,1.9,Sphere,27.0,0.93,5,Concrete,cubic meters,pipe/valve,Liquid
5.0,9.0,33.0,79.0,18.0,9.91,8.5,3.9,12.0,2.68,cyclohexanone,3,NNE,"Leaking tank, chemical is not burning",Enclosed office,Urban or forest,Continue,8.5,Sphere,33.0,2.68,28,Concrete,cubic meters,Hole,Liquid
4.0,6.0,30.0,85.0,50.0,7.42,2.2,9.6,66.0,1.32,cyclohexanone,3,ESE,"Leaking tank, chemical is not burning",Double storied,Urban or forest,Continue,2.2,vertical,30.0,1.32,10,Concrete,cubic meters,pipe/valve,Liquid
4.0,2.0,21.0,77.0,6.0,53.1,7.1,5.1,58.0,0.75,cyclohexanone,3,ENE,"Leaking tank, chemical is not burning",Double storied,Urban or forest,Continue,7.1,Sphere,21.0,0.75,23,Concrete,cubic meters,Hole,Liquid
4.0,3.0,26.0,79.0,58.0,58.21,1.7,1.9,20.0,2.13,cyclohexanone,3,ENE,"Leaking tank, chemical is not burning",Enclosed office,Urban or forest,Instantaneous,1.7,Horizontal,26.0,2.13,7,Concrete,cubic meters,pipe/valve,Liquid
4.0,4.0,25.0,77.0,52.0,7.13,4.9,0.8,2.0,3.0,cyclohexanone,3,NE,"Leaking tank, chemical is not burning",Enclosed office,Urban or forest,Instantaneous,4.9,Sphere,25.0,3.0,5,Concrete,cubic meters,pipe/valve,Liquid
4.0,5.0,19.0,83.0,55.0,23.79,9.1,6.3,76.0,1.37,cyclohexanone,3,NNE,"Leaking tank, chemical is not burning",Enclosed office,open country,Continue,9.1,vertical,19.0,1.37,15,Concrete,cubic meters,Hole,Liquid
4.0,9.0,33.0,83.0,31.0,48.7,7.4,8.4,67.0,2.21,cyclohexanone,3,ESE,"Leaking tank, chemical is not burning",Single office,open country,Instantaneous,7.4,vertical,33.0,2.21,31,Concrete,cubic meters,pipe/valve,Liquid
4.0,1.0,29.0,86.0,44.0,62.63,7.8,4.7,16.0,2.57,cyclohexanone,3,NE,"Leaking tank, chemical is not burning",Single office,open country,Instantaneous,7.8,Sphere,29.0,2.57,22,Concrete,cubic meters,Hole,Liquid
5.0,7.0,35.0,77.0,35.0,48.28,3.7,9.2,15.0,1.31,cyclohexanone,3,NNE,"Leaking tank, chemical is not burning",Enclosed office,Urban or forest,Instantaneous,3.7,Horizontal,35.0,1.31,27,Concrete,cubic meters,pipe/valve,Liquid
5.0,10.0,28.0,79.0,9.0,16.97,5.1,5.5,22.0,1.74,cyclohexanone,3,NNE,"Leaking tank, chemical is not burning",Enclosed office,Urban or forest,Continue,5.1,Sphere,28.0,1.74,31,Concrete,cubic meters,Hole,Liquid
3.0,1.0,29.0,85.0,17.0,3.89,1.8,4.2,26.0,2.8,cyclohexanone,3,ENE,"Leaking tank, chemical is not burning",Enclosed office,open country,Continue,1.8,Sphere,29.0,2.8,18,Concrete,cubic meters,pipe/valve,Liquid
5.0,7.0,21.0,83.0,40.0,7.76,3.8,5.7,27.0,1.71,cyclohexanone,3,ENE,"Leaking tank, chemical is not burning",Enclosed office,open country,Continue,3.8,vertical,21.0,1.71,19,Concrete,cubic meters,Hole,Liquid
5.0,4.0,21.0,79.0,40.0,99.84,6.1,3.0,61.0,1.52,cyclohexanone,3,NNE,"Leaking tank, chemical is not burning",Single office,open country,Instantaneous,6.1,Horizontal,21.0,1.52,3,Concrete,cubic meters,Hole,Liquid
6.0,1.0,26.0,84.0,17.0,36.77,3.9,5.0,44.0,1.41,cyclohexanone,3,NE,"Leaking tank, chemical is not burning",Enclosed office,open country,Instantaneous,3.9,Sphere,26.0,1.41,27,Concrete,cubic meters,pipe/valve,Liquid
3.0,3.0,25.0,78.0,26.0,24.77,7.2,6.5,62.0,1.27,cyclohexanone,3,ESE,"Leaking tank, chemical is not burning",Double storied,Urban or forest,Continue,7.2,vertical,25.0,1.27,9,Concrete,cubic meters,Hole,Liquid
5.0,6.0,29.0,79.0,14.0,61.27,2.3,7.4,91.0,1.17,cyclohexanone,3,ESE,"Leaking tank, chemical is not burning",Single office,Urban or forest,Continue,2.3,Horizontal,29.0,1.17,24,Concrete,cubic meters,Hole,Liquid
5.0,4.0,30.0,79.0,8.0,95.49,0.9,4.8,58.0,2.36,cyclohexanone,3,ENE,"Leaking tank, chemical is not burning",Single office,open country,Continue,0.9,vertical,30.0,2.36,22,Concrete,cubic meters,pipe/valve,Liquid
6.0,8.0,24.0,80.0,42.0,66.62,3.1,4.6,67.0,1.64,cyclohexanone,3,ENE,"Leaking tank, chemical is not burning",Double storied,Urban or forest,Instantaneous,3.1,vertical,24.0,1.64,7,Concrete,cubic meters,pipe/valve,Liquid
4.0,7.0,29.0,83.0,26.0,49.86,5.2,1.2,61.0,0.79,cyclohexanone,3,NNE,"Leaking tank, chemical is not burning",Single office,Urban or forest,Continue,5.2,Horizontal,29.0,0.79,31,Concrete,cubic meters,pipe/valve,Liquid
4.0,5.0,20.0,85.0,12.0,25.57,5.6,9.1,86.0,1.82,cyclohexanone,3,NNE,"Leaking tank, chemical is not burning",Double storied,Urban or forest,Continue,5.6,Sphere,20.0,1.82,25,Concrete,cubic meters,Hole,Liquid
5.0,5.0,28.0,78.0,23.0,34.44,6.2,1.5,50.0,2.38,cyclohexanone,3,NNE,"Leaking tank, chemical is not burning",Double storied,Urban or forest,Continue,6.2,Horizontal,28.0,2.38,3,Concrete,cubic meters,pipe/valve,Liquid
3.0,7.0,32.0,83.0,56.0,40.12,6.7,3.9,69.0,2.28,cyclohexanone,3,NNE,"Leaking tank, chemical is not burning",Double storied,open country,Continue,6.7,Horizontal,32.0,2.28,31,Concrete,cubic meters,pipe/valve,Liquid
4.0,10.0,32.0,81.0,59.0,24.66,6.8,7.2,59.0,1.45,cyclohexanone,3,ESE,"Leaking tank, chemical is not burning",Double storied,Urban or forest,Continue,6.8,Sphere,32.0,1.45,4,Concrete,cubic meters,pipe/valve,Liquid
6.0,0.0,31.0,82.0,11.0,55.02,7.8,4.9,56.0,2.25,cyclohexanone,3,ENE,"Leaking tank, chemical is not burning",Enclosed office,open country,Instantaneous,7.8,Sphere,31.0,2.25,10,Concrete,cubic meters,Hole,Liquid
5.0,8.0,27.0,80.0,25.0,47.58,3.4,4.2,68.0,2.78,cyclohexanone,3,ESE,"Leaking tank, chemical is not burning",Single office,Urban or forest,Instantaneous,3.4,vertical,27.0,2.78,4,Concrete,cubic meters,pipe/valve,Liquid
5.0,4.0,34.0,83.0,49.0,85.64,8.9,1.8,9.0,1.16,cyclohexanone,3,ENE,"Leaking tank, chemical is not burning",Single office,open country,Instantaneous,8.9,vertical,34.0,1.16,3,Concrete,cubic meters,Hole,Liquid
3.0,6.0,20.0,83.0,15.0,80.72,2.6,4.9,29.0,2.16,cyclohexanone,3,ENE,"Leaking tank, chemical is not burning",Enclosed office,open country,Instantaneous,2.6,Sphere,20.0,2.16,27,Concrete,cubic meters,pipe/valve,Liquid
5.0,4.0,27.0,87.0,18.0,93.03,2.4,5.1,88.0,2.16,cyclohexanone,3,ENE,"Leaking tank, chemical is not burning",Single office,open country,Instantaneous,2.4,Horizontal,27.0,2.16,29,Concrete,cubic meters,Hole,Liquid
6.0,10.0,23.0,83.0,46.0,22.75,6.5,9.6,51.0,1.56,cyclohexanone,3,NNE,"Leaking tank, chemical is not burning",Single office,open country,Continue,6.5,vertical,23.0,1.56,23,Concrete,cubic meters,pipe/valve,Liquid
5.0,8.0,33.0,87.0,6.0,18.66,3.4,0.6,41.0,1.25,cyclohexanone,3,NNE,"Leaking tank, chemical is not burning",Enclosed office,open country,Instantaneous,3.4,vertical,33.0,1.25,2,Concrete,cubic meters,Hole,Liquid
4.0,2.0,23.0,81.0,7.0,58.94,5.8,2.0,50.0,1.76,cyclohexanone,3,NE,"Leaking tank, chemical is not burning",Enclosed office,Urban or forest,Continue,5.8,vertical,23.0,1.76,8,Concrete,cubic meters,pipe/valve,Liquid
4.0,9.0,19.0,84.0,45.0,97.82,4.4,5.1,71.0,2.96,cyclohexanone,3,ENE,"Leaking tank, chemical is not burning",Single office,open country,Instantaneous,4.4,vertical,19.0,2.96,4,Concrete,cubic meters,pipe/valve,Liquid
4.0,3.0,33.0,86.0,21.0,63.67,8.2,6.7,66.0,1.2,cyclohexanone,3,NNE,"Leaking tank, chemical is not burning",Enclosed office,Urban or forest,Continue,8.2,Sphere,33.0,1.2,10,Concrete,cubic meters,Hole,Liquid
5.0,1.0,27.0,81.0,35.0,54.23,6.6,3.0,76.0,1.73,cyclohexanone,3,ESE,"Leaking tank, chemical is not burning",Double storied,open country,Continue,6.6,Horizontal,27.0,1.73,18,Concrete,cubic meters,Hole,Liquid
4.0,9.0,33.0,82.0,30.0,77.43,4.7,8.9,62.0,2.97,cyclohexanone,3,NE,"Leaking tank, chemical is not burning",Double storied,open country,Continue,4.7,Sphere,33.0,2.97,4,Concrete,cubic meters,Hole,Liquid
5.0,3.0,26.0,85.0,54.0,96.74,8.3,8.1,16.0,2.48,cyclohexanone,3,ENE,"Leaking tank, chemical is not burning",Double storied,open country,Continue,8.3,Sphere,26.0,2.48,7,Concrete,cubic meters,Hole,Liquid
4.0,6.0,18.0,87.0,10.0,61.64,7.9,3.6,63.0,0.87,cyclohexanone,3,NNE,"Leaking tank, chemical is not burning",Single office,open country,Continue,7.9,vertical,18.0,0.87,31,Concrete,cubic meters,Hole,Liquid
6.0,3.0,33.0,78.0,12.0,25.18,1.6,2.8,86.0,2.75,cyclohexanone,3,NE,"Leaking tank, chemical is not burning",Enclosed office,Urban or forest,Instantaneous,1.6,vertical,33.0,2.75,17,Concrete,cubic meters,pipe/valve,Liquid
5.0,6.0,27.0,82.0,55.0,62.05,3.5,2.1,8.0,1.21,cyclohexanone,3,NNE,"Leaking tank, chemical is not burning",Double storied,open country,Continue,3.5,vertical,27.0,1.21,7,Concrete,cubic meters,pipe/valve,Liquid
6.0,7.0,24.0,77.0,51.0,78.65,7.8,2.9,57.0,2.22,cyclohexanone,3,ESE,"Leaking tank, chemical is not burning",Enclosed office,open country,Continue,7.8,vertical,24.0,2.22,14,Concrete,cubic meters,Hole,Liquid
5.0,6.0,35.0,84.0,45.0,67.61,5.1,2.4,75.0,2.78,cyclohexanone,3,NE,"Leaking tank, chemical is not burning",Single office,Urban or forest,Continue,5.1,vertical,35.0,2.78,18,Concrete,cubic meters,Hole,Liquid
4.0,0.0,31.0,79.0,13.0,91.27,0.7,6.0,4.0,2.86,cyclohexanone,3,NNE,"Leaking tank, chemical is not burning",Single office,Urban or forest,Instantaneous,0.7,Sphere,31.0,2.86,26,Concrete,cubic meters,pipe/valve,Liquid
5.0,10.0,30.0,79.0,42.0,8.28,4.1,8.7,25.0,1.9,cyclohexanone,3,NNE,"Leaking tank, chemical is not burning",Single office,open country,Instantaneous,4.1,vertical,30.0,1.9,30,Concrete,cubic meters,pipe/valve,Liquid
3.0,2.0,21.0,86.0,45.0,31.8,9.8,2.6,31.0,2.84,cyclohexanone,3,ENE,"Leaking tank, chemical is not burning",Enclosed office,Urban or forest,Instantaneous,9.8,Sphere,21.0,2.84,29,Concrete,cubic meters,Hole,Liquid
4.0,6.0,28.0,84.0,37.0,46.83,1.9,10.0,31.0,1.92,cyclohexanone,3,ENE,"Leaking tank, chemical is not burning",Single office,open country,Continue,1.9,Horizontal,28.0,1.92,13,Concrete,cubic meters,pipe/valve,Liquid
4.0,9.0,21.0,80.0,20.0,49.07,7.6,0.8,51.0,2.71,cyclohexanone,3,ENE,"Leaking tank, chemical is not burning",Single office,open country,Instantaneous,7.6,Sphere,21.0,2.71,12,Concrete,cubic meters,pipe/valve,Liquid
6.0,5.0,24.0,78.0,14.0,97.32,1.0,8.8,71.0,2.94,cyclohexanone,3,ESE,"Leaking tank, chemical is not burning",Double storied,Urban or forest,Continue,1.0,Horizontal,24.0,2.94,6,Concrete,cubic meters,pipe/valve,Liquid
5.0,4.0,25.0,81.0,25.0,15.92,8.0,7.5,20.0,2.94,cyclohexanone,3,ENE,"Leaking tank, chemical is not burning",Enclosed office,Urban or forest,Continue,8.0,vertical,25.0,2.94,21,Concrete,cubic meters,pipe/valve,Liquid
6.0,9.0,25.0,79.0,51.0,96.12,6.9,1.1,87.0,2.4,cyclohexanone,3,NE,"Leaking tank, chemical is not burning",Enclosed office,open country,Instantaneous,6.9,Horizontal,25.0,2.4,27,Concrete,cubic meters,pipe/valve,Liquid
5.0,8.0,31.0,80.0,48.0,18.07,2.4,1.1,47.0,1.18,cyclohexanone,3,ESE,"Leaking tank, chemical is not burning",Single office,open country,Continue,2.4,Sphere,31.0,1.18,28,Concrete,cubic meters,Hole,Liquid
3.0,1.0,34.0,83.0,53.0,28.84,8.8,9.4,60.0,1.01,cyclohexanone,3,NE,"Leaking tank, chemical is not burning",Enclosed office,Urban or forest,Continue,8.8,Sphere,34.0,1.01,29,Concrete,cubic meters,Hole,Liquid
4.0,9.0,34.0,84.0,35.0,71.33,9.9,6.9,44.0,1.15,cyclohexanone,3,ESE,"Leaking tank, chemical is not burning",Single office,open country,Continue,9.9,vertical,34.0,1.15,27,Concrete,cubic meters,Hole,Liquid
4.0,5.0,25.0,87.0,24.0,89.91,4.9,8.6,15.0,2.19,cyclohexanone,3,NE,"Leaking tank, chemical is not burning",Double storied,Urban or forest,Instantaneous,4.9,vertical,25.0,2.19,20,Concrete,cubic meters,pipe/valve,Liquid
5.0,9.0,31.0,80.0,31.0,12.45,1.6,5.0,37.0,1.6,cyclohexanone,3,NNE,"Leaking tank, chemical is not burning",Single office,Urban or forest,Continue,1.6,vertical,31.0,1.6,4,Concrete,cubic meters,pipe/valve,Liquid
5.0,0.0,24.0,79.0,52.0,57.73,3.8,6.7,69.0,1.97,cyclohexanone,3,ESE,"Leaking tank, chemical is not burning",Single office,open country,Instantaneous,3.8,Horizontal,24.0,1.97,25,Concrete,cubic meters,pipe/valve,Liquid
5.0,8.0,21.0,81.0,34.0,56.07,9.4,5.9,42.0,2.95,cyclohexanone,3,ESE,"Leaking tank, chemical is not burning",Double storied,Urban or forest,Continue,9.4,Sphere,21.0,2.95,12,Concrete,cubic meters,pipe/valve,Liquid
5.0,7.0,21.0,82.0,49.0,72.29,6.8,7.6,14.0,2.9,cyclohexanone,3,NE,"Leaking tank, chemical is not burning",Single office,Urban or forest,Continue,6.8,vertical,21.0,2.9,16,Concrete,cubic meters,pipe/valve,Liquid
5.0,1.0,29.0,86.0,44.0,27.63,7.2,9.8,24.0,2.61,cyclohexanone,3,ESE,"Leaking tank, chemical is not burning",Enclosed office,Urban or forest,Instantaneous,7.2,vertical,29.0,2.61,13,Concrete,cubic meters,pipe/valve,Liquid
3.0,3.0,23.0,79.0,38.0,90.44,6.6,4.3,46.0,0.82,cyclohexanone,3,ENE,"Leaking tank, chemical is not burning",Single office,Urban or forest,Instantaneous,6.6,vertical,23.0,0.82,12,Concrete,cubic meters,Hole,Liquid
3.0,8.0,27.0,82.0,41.0,85.04,5.5,3.5,7.0,1.91,cyclohexanone,3,NNE,"Leaking tank, chemical is not burning",Double storied,open country,Continue,5.5,Sphere,27.0,1.91,11,Concrete,cubic meters,Hole,Liquid
6.0,9.0,22.0,77.0,16.0,76.68,4.4,5.9,40.0,1.78,cyclohexanone,3,NNE,"Leaking tank, chemical is not burning",Enclosed office,open country,Instantaneous,4.4,vertical,22.0,1.78,14,Concrete,cubic meters,Hole,Liquid
