Wind speed,Cloud cover,Air themperature,Humidity,Duration (For),SourceHeight,Tank Diameter,Tank length,Liquid level,Opening diameter,Chemical,Mesurement Heigth,Wind is from,Chemical state,Building,Ground roughtness,Source,Tank Diameter (meters),Stored Themperature,Opening Diameter (inches),Height of the Tank opening,Ground type,Source strength,Leak through,Stored
5.0,7.0,20.0,86.0,52.0,0.91,1.7,7.9,32.0,2.73,cyclohexanone,3,NNE,cyclohexanone,Double storied,Urban or forest,Continue,1.7,20.0,2.73,22,Concrete,cubic meters,Hole,Liquid
3.0,2.0,25.0,87.0,21.0,77.2,1.0,8.5,67.0,2.67,cyclohexanone,3,NNE,cyclohexanone,Single office,Urban or forest,Instantaneous,1.0,25.0,2.67,4,Concrete,cubic meters,pipe/valve,Liquid
4.0,2.0,26.0,81.0,11.0,46.47,7.4,5.4,87.0,2.79,cyclohexanone,3,NNE,cyclohexanone,Single office,Urban or forest,Instantaneous,7.4,26.0,2.79,57,Concrete,cubic meters,pipe/valve,Liquid
5.0,1.0,27.0,81.0,51.0,72.09,1.1,9.9,80.0,2.93,cyclohexanone,3,NE,cyclohexanone,Single office,open country,Continue,1.1,27.0,2.93,47,Concrete,cubic meters,pipe/valve,Liquid
3.0,2.0,33.0,78.0,58.0,81.76,5.5,7.5,3.0,1.94,cyclohexanone,3,ESE,cyclohexanone,Enclosed office,open country,Instantaneous,5.5,33.0,1.94,0,Concrete,cubic meters,pipe/valve,Liquid
3.0,3.0,31.0,86.0,1.0,28.03,7.5,7.8,44.0,2.25,cyclohexanone,3,NE,cyclohexanone,Single office,Urban or forest,Instantaneous,7.5,31.0,2.25,2,Concrete,cubic meters,Hole,Liquid
4.0,8.0,29.0,81.0,41.0,35.58,0.6,1.8,92.0,1.27,cyclohexanone,3,NNE,cyclohexanone,Single office,open country,Instantaneous,0.6,29.0,1.27,69,Concrete,cubic meters,Hole,Liquid
3.0,1.0,18.0,80.0,2.0,47.56,3.3,2.6,53.0,2.22,cyclohexanone,3,NE,cyclohexanone,Single office,Urban or forest,Continue,3.3,18.0,2.22,35,Concrete,cubic meters,Hole,Liquid
6.0,9.0,24.0,79.0,40.0,47.73,3.1,5.1,74.0,1.38,cyclohexanone,3,ENE,cyclohexanone,Enclosed office,open country,Continue,3.1,24.0,1.38,41,Concrete,cubic meters,Hole,Liquid
5.0,7.0,32.0,84.0,4.0,45.92,9.6,5.4,28.0,2.99,cyclohexanone,3,ENE,cyclohexanone,Double storied,Urban or forest,Continue,9.6,32.0,2.99,6,Concrete,cubic meters,pipe/valve,Liquid
5.0,5.0,32.0,78.0,14.0,63.56,1.7,1.3,95.0,0.94,cyclohexanone,3,ESE,cyclohexanone,Enclosed office,open country,Instantaneous,1.7,32.0,0.94,94,Concrete,cubic meters,pipe/valve,Liquid
5.0,0.0,23.0,81.0,37.0,52.11,8.0,6.8,25.0,1.22,cyclohexanone,3,NNE,cyclohexanone,Single office,open country,Instantaneous,8.0,23.0,1.22,6,Concrete,cubic meters,Hole,Liquid
5.0,9.0,28.0,85.0,46.0,61.69,8.7,2.3,20.0,1.51,cyclohexanone,3,ESE,cyclohexanone,Single office,Urban or forest,Instantaneous,8.7,28.0,1.51,20,Concrete,cubic meters,Hole,Liquid
5.0,1.0,21.0,81.0,28.0,30.87,5.2,4.1,6.0,1.31,cyclohexanone,3,ESE,cyclohexanone,Single office,Urban or forest,Instantaneous,5.2,21.0,1.31,1,Concrete,cubic meters,pipe/valve,Liquid
5.0,7.0,34.0,78.0,28.0,60.46,0.9,1.7,44.0,1.3,cyclohexanone,3,ESE,cyclohexanone,Double storied,Urban or forest,Continue,0.9,34.0,1.3,9,Concrete,cubic meters,pipe/valve,Liquid
3.0,6.0,25.0,83.0,31.0,92.2,0.9,2.5,84.0,2.33,cyclohexanone,3,NNE,cyclohexanone,Double storied,open country,Continue,0.9,25.0,2.33,51,Concrete,cubic meters,Hole,Liquid
5.0,4.0,34.0,81.0,9.0,42.12,4.8,8.9,53.0,2.6,cyclohexanone,3,NNE,cyclohexanone,Enclosed office,open country,Instantaneous,4.8,34.0,2.6,30,Concrete,cubic meters,Hole,Liquid
5.0,0.0,28.0,85.0,1.0,85.16,8.5,4.7,46.0,1.0,cyclohexanone,3,ENE,cyclohexanone,Enclosed office,open country,Instantaneous,8.5,28.0,1.0,11,Concrete,cubic meters,Hole,Liquid
3.0,7.0,22.0,77.0,47.0,4.86,5.9,5.1,21.0,2.58,cyclohexanone,3,ESE,cyclohexanone,Single office,open country,Instantaneous,5.9,22.0,2.58,9,Concrete,cubic meters,Hole,Liquid
4.0,2.0,27.0,84.0,52.0,8.44,9.0,3.0,30.0,2.61,cyclohexanone,3,ESE,cyclohexanone,Single office,Urban or forest,Continue,9.0,27.0,2.61,4,Concrete,cubic meters,pipe/valve,Liquid
4.0,5.0,26.0,83.0,28.0,18.3,0.8,5.8,91.0,2.04,cyclohexanone,3,ESE,cyclohexanone,Enclosed office,Urban or forest,Continue,0.8,26.0,2.04,67,Concrete,cubic meters,pipe/valve,Liquid
3.0,6.0,32.0,83.0,50.0,89.32,8.3,6.5,5.0,0.97,cyclohexanone,3,ESE,cyclohexanone,Single office,open country,Instantaneous,8.3,32.0,0.97,5,Concrete,cubic meters,Hole,Liquid
5.0,10.0,23.0,83.0,31.0,12.4,4.9,4.4,78.0,0.83,cyclohexanone,3,NE,cyclohexanone,Double storied,Urban or forest,Continue,4.9,23.0,0.83,65,Concrete,cubic meters,Hole,Liquid
6.0,4.0,34.0,82.0,51.0,44.28,2.5,9.8,31.0,1.57,cyclohexanone,3,ESE,cyclohexanone,Double storied,open country,Instantaneous,2.5,34.0,1.57,16,Concrete,cubic meters,pipe/valve,Liquid
6.0,10.0,29.0,82.0,37.0,21.55,7.2,6.2,79.0,1.68,cyclohexanone,3,NE,cyclohexanone,Single office,Urban or forest,Instantaneous,7.2,29.0,1.68,36,Concrete,cubic meters,pipe/valve,Liquid
4.0,10.0,32.0,85.0,40.0,63.98,3.1,4.2,25.0,2.77,cyclohexanone,3,NNE,cyclohexanone,Single office,open country,Continue,3.1,32.0,2.77,1,Concrete,cubic meters,Hole,Liquid
5.0,10.0,32.0,86.0,15.0,34.71,2.3,2.6,45.0,1.34,cyclohexanone,3,ENE,cyclohexanone,Enclosed office,Urban or forest,Instantaneous,2.3,32.0,1.34,5,Concrete,cubic meters,Hole,Liquid
6.0,5.0,22.0,80.0,16.0,96.6,6.6,1.6,34.0,2.56,cyclohexanone,3,ESE,cyclohexanone,Single office,Urban or forest,Continue,6.6,22.0,2.56,0,Concrete,cubic meters,Hole,Liquid
5.0,10.0,26.0,85.0,2.0,63.16,0.8,9.5,14.0,1.91,cyclohexanone,3,NNE,cyclohexanone,Enclosed office,Urban or forest,Instantaneous,0.8,26.0,1.91,8,Concrete,cubic meters,Hole,Liquid
4.0,5.0,35.0,83.0,38.0,1.49,8.9,0.7,38.0,2.67,cyclohexanone,3,ESE,cyclohexanone,Enclosed office,open country,Continue,8.9,35.0,2.67,6,Concrete,cubic meters,pipe/valve,Liquid
5.0,9.0,19.0,82.0,40.0,91.71,1.9,6.0,11.0,2.84,cyclohexanone,3,NNE,cyclohexanone,Single office,Urban or forest,Instantaneous,1.9,19.0,2.84,10,Concrete,cubic meters,Hole,Liquid
4.0,7.0,20.0,79.0,3.0,3.12,1.7,2.5,70.0,1.57,cyclohexanone,3,ESE,cyclohexanone,Single office,Urban or forest,Continue,1.7,20.0,1.57,26,Concrete,cubic meters,pipe/valve,Liquid
3.0,5.0,31.0,85.0,46.0,49.91,3.8,1.9,26.0,1.6,cyclohexanone,3,NE,cyclohexanone,Double storied,Urban or forest,Continue,3.8,31.0,1.6,21,Concrete,cubic meters,pipe/valve,Liquid
5.0,6.0,34.0,83.0,42.0,69.72,1.5,8.3,65.0,1.84,cyclohexanone,3,NNE,cyclohexanone,Single office,Urban or forest,Continue,1.5,34.0,1.84,8,Concrete,cubic meters,pipe/valve,Liquid
5.0,1.0,21.0,86.0,49.0,93.26,0.7,8.0,78.0,2.13,cyclohexanone,3,NE,cyclohexanone,Double storied,open country,Instantaneous,0.7,21.0,2.13,24,Concrete,cubic meters,Hole,Liquid
4.0,3.0,35.0,82.0,36.0,91.33,8.9,3.8,41.0,1.89,cyclohexanone,3,ENE,cyclohexanone,Single office,open country,Continue,8.9,35.0,1.89,22,Concrete,cubic meters,pipe/valve,Liquid
6.0,9.0,32.0,80.0,32.0,22.23,9.1,3.5,54.0,1.82,cyclohexanone,3,ESE,cyclohexanone,Enclosed office,Urban or forest,Continue,9.1,32.0,1.82,26,Concrete,cubic meters,pipe/valve,Liquid
4.0,0.0,33.0,82.0,18.0,21.13,1.8,8.2,6.0,1.13,cyclohexanone,3,ESE,cyclohexanone,Single office,Urban or forest,Continue,1.8,33.0,1.13,2,Concrete,cubic meters,Hole,Liquid
6.0,0.0,34.0,84.0,48.0,25.05,7.1,7.6,58.0,2.89,cyclohexanone,3,NE,cyclohexanone,Enclosed office,open country,Instantaneous,7.1,34.0,2.89,6,Concrete,cubic meters,Hole,Liquid
3.0,4.0,23.0,84.0,28.0,24.5,0.8,1.4,25.0,1.47,cyclohexanone,3,NNE,cyclohexanone,Single office,Urban or forest,Continue,0.8,23.0,1.47,6,Concrete,cubic meters,Hole,Liquid
6.0,6.0,31.0,81.0,30.0,38.26,2.5,5.3,87.0,1.55,cyclohexanone,3,NNE,cyclohexanone,Single office,Urban or forest,Continue,2.5,31.0,1.55,46,Concrete,cubic meters,Hole,Liquid
4.0,5.0,29.0,77.0,48.0,6.33,7.6,1.1,69.0,1.55,cyclohexanone,3,ESE,cyclohexanone,Enclosed office,open country,Instantaneous,7.6,29.0,1.55,53,Concrete,cubic meters,pipe/valve,Liquid
3.0,6.0,29.0,81.0,21.0,70.39,9.5,7.6,79.0,2.76,cyclohexanone,3,ESE,cyclohexanone,Enclosed office,Urban or forest,Continue,9.5,29.0,2.76,78,Concrete,cubic meters,Hole,Liquid
6.0,3.0,26.0,78.0,34.0,31.32,4.6,9.5,7.0,2.03,cyclohexanone,3,ESE,cyclohexanone,Double storied,open country,Instantaneous,4.6,26.0,2.03,3,Concrete,cubic meters,pipe/valve,Liquid
3.0,7.0,27.0,86.0,20.0,59.55,8.4,6.2,84.0,1.63,cyclohexanone,3,NNE,cyclohexanone,Single office,open country,Instantaneous,8.4,27.0,1.63,0,Concrete,cubic meters,Hole,Liquid
4.0,8.0,21.0,80.0,43.0,4.48,8.7,8.8,74.0,1.34,cyclohexanone,3,ESE,cyclohexanone,Single office,open country,Instantaneous,8.7,21.0,1.34,50,Concrete,cubic meters,Hole,Liquid
5.0,9.0,24.0,85.0,19.0,98.65,5.6,3.2,37.0,2.54,cyclohexanone,3,ESE,cyclohexanone,Single office,open country,Continue,5.6,24.0,2.54,16,Concrete,cubic meters,Hole,Liquid
4.0,1.0,30.0,87.0,24.0,50.39,1.4,6.7,77.0,1.86,cyclohexanone,3,NE,cyclohexanone,Enclosed office,open country,Continue,1.4,30.0,1.86,7,Concrete,cubic meters,pipe/valve,Liquid
4.0,8.0,25.0,79.0,9.0,81.18,5.7,5.3,83.0,1.81,cyclohexanone,3,NE,cyclohexanone,Double storied,open country,Continue,5.7,25.0,1.81,25,Concrete,cubic meters,pipe/valve,Liquid
6.0,7.0,23.0,83.0,24.0,39.5,7.4,2.2,30.0,1.88,cyclohexanone,3,ESE,cyclohexanone,Enclosed office,open country,Instantaneous,7.4,23.0,1.88,29,Concrete,cubic meters,pipe/valve,Liquid
5.0,5.0,20.0,81.0,50.0,26.3,6.8,7.4,44.0,1.52,cyclohexanone,3,ESE,cyclohexanone,Single office,open country,Instantaneous,6.8,20.0,1.52,18,Concrete,cubic meters,pipe/valve,Liquid
4.0,1.0,29.0,84.0,10.0,12.23,6.0,3.6,43.0,2.47,cyclohexanone,3,ESE,cyclohexanone,Single office,open country,Continue,6.0,29.0,2.47,29,Concrete,cubic meters,pipe/valve,Liquid
5.0,1.0,19.0,82.0,29.0,2.47,4.1,9.2,37.0,2.66,cyclohexanone,3,NE,cyclohexanone,Double storied,Urban or forest,Instantaneous,4.1,19.0,2.66,25,Concrete,cubic meters,Hole,Liquid
5.0,3.0,30.0,82.0,25.0,13.47,0.9,9.0,24.0,1.64,cyclohexanone,3,ESE,cyclohexanone,Double storied,Urban or forest,Continue,0.9,30.0,1.64,16,Concrete,cubic meters,Hole,Liquid
6.0,3.0,23.0,85.0,42.0,65.26,1.4,9.4,56.0,1.4,cyclohexanone,3,ESE,cyclohexanone,Single office,Urban or forest,Continue,1.4,23.0,1.4,3,Concrete,cubic meters,pipe/valve,Liquid
4.0,3.0,20.0,79.0,22.0,59.92,1.0,0.9,1.0,0.84,cyclohexanone,3,ESE,cyclohexanone,Enclosed office,Urban or forest,Instantaneous,1.0,20.0,0.84,0,Concrete,cubic meters,Hole,Liquid
3.0,1.0,27.0,79.0,6.0,17.56,6.5,5.8,27.0,1.36,cyclohexanone,3,NNE,cyclohexanone,Double storied,open country,Instantaneous,6.5,27.0,1.36,9,Concrete,cubic meters,pipe/valve,Liquid
4.0,1.0,24.0,78.0,56.0,7.07,3.4,2.7,47.0,1.84,cyclohexanone,3,NE,cyclohexanone,Enclosed office,Urban or forest,Instantaneous,3.4,24.0,1.84,34,Concrete,cubic meters,Hole,Liquid
5.0,1.0,24.0,79.0,35.0,72.9,6.8,6.4,12.0,2.06,cyclohexanone,3,NNE,cyclohexanone,Single office,open country,Continue,6.8,24.0,2.06,0,Concrete,cubic meters,Hole,Liquid
3.0,8.0,24.0,84.0,25.0,8.23,2.2,0.8,59.0,0.81,cyclohexanone,3,NNE,cyclohexanone,Double storied,open country,Instantaneous,2.2,24.0,0.81,29,Concrete,cubic meters,Hole,Liquid
3.0,8.0,19.0,81.0,41.0,55.79,1.6,8.9,9.0,2.3,cyclohexanone,3,ESE,cyclohexanone,Single office,open country,Instantaneous,1.6,19.0,2.3,6,Concrete,cubic meters,Hole,Liquid
4.0,1.0,26.0,84.0,55.0,28.58,8.3,5.6,50.0,0.98,cyclohexanone,3,ENE,cyclohexanone,Single office,open country,Continue,8.3,26.0,0.98,9,Concrete,cubic meters,pipe/valve,Liquid
4.0,9.0,35.0,87.0,5.0,16.95,5.3,4.9,81.0,2.81,cyclohexanone,3,NNE,cyclohexanone,Double storied,open country,Continue,5.3,35.0,2.81,56,Concrete,cubic meters,pipe/valve,Liquid
4.0,2.0,20.0,85.0,5.0,38.57,9.1,2.9,20.0,1.08,cyclohexanone,3,ENE,cyclohexanone,Enclosed office,Urban or forest,Continue,9.1,20.0,1.08,16,Concrete,cubic meters,Hole,Liquid
4.0,10.0,30.0,85.0,14.0,36.55,7.9,4.3,10.0,0.96,cyclohexanone,3,NNE,cyclohexanone,Single office,Urban or forest,Continue,7.9,30.0,0.96,0,Concrete,cubic meters,Hole,Liquid
5.0,6.0,21.0,87.0,3.0,39.72,6.1,6.0,64.0,1.79,cyclohexanone,3,ENE,cyclohexanone,Double storied,open country,Instantaneous,6.1,21.0,1.79,47,Concrete,cubic meters,Hole,Liquid
5.0,4.0,23.0,86.0,17.0,93.78,5.8,7.8,17.0,2.24,cyclohexanone,3,NE,cyclohexanone,Double storied,open country,Continue,5.8,23.0,2.24,1,Concrete,cubic meters,pipe/valve,Liquid
4.0,8.0,26.0,78.0,31.0,99.93,0.6,8.8,4.0,2.24,cyclohexanone,3,NE,cyclohexanone,Enclosed office,Urban or forest,Instantaneous,0.6,26.0,2.24,2,Concrete,cubic meters,pipe/valve,Liquid
4.0,1.0,23.0,82.0,56.0,47.32,5.9,6.6,85.0,1.74,cyclohexanone,3,NE,cyclohexanone,Double storied,open country,Continue,5.9,23.0,1.74,14,Concrete,cubic meters,Hole,Liquid
5.0,2.0,27.0,83.0,39.0,37.24,9.7,8.3,84.0,0.96,cyclohexanone,3,ESE,cyclohexanone,Single office,Urban or forest,Instantaneous,9.7,27.0,0.96,68,Concrete,cubic meters,pipe/valve,Liquid
5.0,3.0,22.0,81.0,20.0,83.36,1.2,3.3,21.0,2.56,cyclohexanone,3,NE,cyclohexanone,Double storied,open country,Instantaneous,1.2,22.0,2.56,21,Concrete,cubic meters,Hole,Liquid
5.0,4.0,28.0,80.0,56.0,54.84,0.6,1.0,18.0,1.14,cyclohexanone,3,NE,cyclohexanone,Enclosed office,open country,Continue,0.6,28.0,1.14,16,Concrete,cubic meters,pipe/valve,Liquid
5.0,6.0,25.0,86.0,23.0,19.63,9.9,7.8,41.0,1.65,cyclohexanone,3,NNE,cyclohexanone,Double storied,Urban or forest,Instantaneous,9.9,25.0,1.65,7,Concrete,cubic meters,pipe/valve,Liquid
4.0,1.0,24.0,82.0,35.0,97.85,9.9,5.6,26.0,1.08,cyclohexanone,3,NE,cyclohexanone,Enclosed office,open country,Instantaneous,9.9,24.0,1.08,15,Concrete,cubic meters,pipe/valve,Liquid
6.0,1.0,31.0,87.0,15.0,65.65,9.4,0.9,14.0,2.87,cyclohexanone,3,ENE,cyclohexanone,Double storied,Urban or forest,Continue,9.4,31.0,2.87,4,Concrete,cubic meters,pipe/valve,Liquid
5.0,9.0,28.0,78.0,30.0,23.25,2.5,6.1,24.0,1.12,cyclohexanone,3,ESE,cyclohexanone,Enclosed office,Urban or forest,Continue,2.5,28.0,1.12,22,Concrete,cubic meters,pipe/valve,Liquid
6.0,7.0,26.0,86.0,32.0,93.42,6.3,0.7,63.0,2.38,cyclohexanone,3,NE,cyclohexanone,Double storied,Urban or forest,Continue,6.3,26.0,2.38,25,Concrete,cubic meters,pipe/valve,Liquid
5.0,3.0,34.0,83.0,17.0,60.01,2.8,2.9,90.0,0.77,cyclohexanone,3,ESE,cyclohexanone,Single office,open country,Instantaneous,2.8,34.0,0.77,75,Concrete,cubic meters,Hole,Liquid
4.0,5.0,25.0,78.0,27.0,43.85,9.2,9.0,100.0,1.91,cyclohexanone,3,ESE,cyclohexanone,Single office,Urban or forest,Instantaneous,9.2,25.0,1.91,55,Concrete,cubic meters,Hole,Liquid
6.0,0.0,26.0,81.0,55.0,43.17,5.5,8.0,33.0,2.71,cyclohexanone,3,ENE,cyclohexanone,Enclosed office,Urban or forest,Instantaneous,5.5,26.0,2.71,17,Concrete,cubic meters,pipe/valve,Liquid
5.0,7.0,27.0,86.0,54.0,53.16,4.3,3.2,65.0,1.15,cyclohexanone,3,NNE,cyclohexanone,Single office,Urban or forest,Continue,4.3,27.0,1.15,1,Concrete,cubic meters,Hole,Liquid
6.0,6.0,34.0,78.0,58.0,14.51,2.4,8.4,48.0,2.29,cyclohexanone,3,ESE,cyclohexanone,Enclosed office,open country,Instantaneous,2.4,34.0,2.29,31,Concrete,cubic meters,Hole,Liquid
6.0,1.0,23.0,84.0,45.0,64.74,5.3,4.5,63.0,2.36,cyclohexanone,3,ESE,cyclohexanone,Enclosed office,open country,Instantaneous,5.3,23.0,2.36,39,Concrete,cubic meters,Hole,Liquid
5.0,8.0,19.0,86.0,6.0,98.03,4.4,3.6,68.0,2.95,cyclohexanone,3,NE,cyclohexanone,Enclosed office,open country,Instantaneous,4.4,19.0,2.95,15,Concrete,cubic meters,pipe/valve,Liquid
6.0,5.0,34.0,80.0,19.0,44.36,5.8,9.2,22.0,1.45,cyclohexanone,3,ESE,cyclohexanone,Single office,Urban or forest,Instantaneous,5.8,34.0,1.45,13,Concrete,cubic meters,Hole,Liquid
4.0,7.0,31.0,82.0,53.0,76.05,8.8,8.5,80.0,0.76,cyclohexanone,3,NNE,cyclohexanone,Enclosed office,open country,Instantaneous,8.8,31.0,0.76,77,Concrete,cubic meters,Hole,Liquid
5.0,4.0,20.0,77.0,4.0,67.73,2.0,2.9,13.0,2.15,cyclohexanone,3,NE,cyclohexanone,Single office,Urban or forest,Continue,2.0,20.0,2.15,0,Concrete,cubic meters,Hole,Liquid
6.0,10.0,23.0,85.0,7.0,97.17,7.0,2.3,35.0,1.43,cyclohexanone,3,NNE,cyclohexanone,Enclosed office,open country,Instantaneous,7.0,23.0,1.43,29,Concrete,cubic meters,pipe/valve,Liquid
6.0,1.0,21.0,85.0,11.0,86.43,7.1,9.9,67.0,1.1,cyclohexanone,3,ENE,cyclohexanone,Enclosed office,open country,Continue,7.1,21.0,1.1,44,Concrete,cubic meters,Hole,Liquid
5.0,8.0,23.0,83.0,21.0,86.71,2.8,3.1,27.0,1.83,cyclohexanone,3,NE,cyclohexanone,Single office,Urban or forest,Instantaneous,2.8,23.0,1.83,4,Concrete,cubic meters,Hole,Liquid
5.0,4.0,31.0,84.0,13.0,50.89,6.1,0.8,89.0,2.85,cyclohexanone,3,NNE,cyclohexanone,Enclosed office,open country,Continue,6.1,31.0,2.85,70,Concrete,cubic meters,pipe/valve,Liquid
4.0,5.0,26.0,84.0,2.0,86.27,5.2,1.9,96.0,2.17,cyclohexanone,3,NE,cyclohexanone,Single office,open country,Continue,5.2,26.0,2.17,25,Concrete,cubic meters,pipe/valve,Liquid
6.0,6.0,28.0,84.0,32.0,32.44,2.0,3.1,94.0,2.45,cyclohexanone,3,NE,cyclohexanone,Enclosed office,Urban or forest,Continue,2.0,28.0,2.45,0,Concrete,cubic meters,Hole,Liquid
5.0,8.0,23.0,85.0,17.0,66.01,4.8,7.3,75.0,1.35,cyclohexanone,3,NE,cyclohexanone,Double storied,open country,Continue,4.8,23.0,1.35,11,Concrete,cubic meters,Hole,Liquid
6.0,2.0,25.0,82.0,37.0,19.99,9.7,4.8,89.0,1.78,cyclohexanone,3,ENE,cyclohexanone,Double storied,Urban or forest,Continue,9.7,25.0,1.78,2,Concrete,cubic meters,Hole,Liquid
5.0,9.0,30.0,79.0,39.0,16.63,9.8,2.1,32.0,1.48,cyclohexanone,3,ENE,cyclohexanone,Single office,Urban or forest,Continue,9.8,30.0,1.48,22,Concrete,cubic meters,Hole,Liquid
6.0,8.0,28.0,78.0,30.0,78.72,2.9,5.0,20.0,1.75,cyclohexanone,3,ESE,cyclohexanone,Enclosed office,Urban or forest,Instantaneous,2.9,28.0,1.75,9,Concrete,cubic meters,Hole,Liquid
3.0,8.0,30.0,84.0,15.0,80.98,4.3,6.6,93.0,1.49,cyclohexanone,3,NNE,cyclohexanone,Double storied,Urban or forest,Instantaneous,4.3,30.0,1.49,74,Concrete,cubic meters,pipe/valve,Liquid
4.0,3.0,35.0,79.0,8.0,43.56,8.7,6.3,55.0,2.12,cyclohexanone,3,NNE,cyclohexanone,Single office,open country,Continue,8.7,35.0,2.12,30,Concrete,cubic meters,pipe/valve,Liquid
3.0,9.0,19.0,86.0,46.0,11.4,4.2,6.5,29.0,1.33,cyclohexanone,3,NE,cyclohexanone,Double storied,Urban or forest,Instantaneous,4.2,19.0,1.33,22,Concrete,cubic meters,Hole,Liquid
4.0,8.0,30.0,82.0,41.0,80.01,9.5,3.2,72.0,2.86,cyclohexanone,3,NNE,cyclohexanone,Enclosed office,open country,Continue,9.5,30.0,2.86,38,Concrete,cubic meters,pipe/valve,Liquid
6.0,6.0,27.0,85.0,14.0,33.24,3.1,8.0,55.0,2.53,cyclohexanone,3,NE,cyclohexanone,Enclosed office,open country,Continue,3.1,27.0,2.53,9,Concrete,cubic meters,pipe/valve,Liquid
5.0,5.0,24.0,78.0,57.0,46.07,6.3,0.6,16.0,1.53,cyclohexanone,3,NE,cyclohexanone,Single office,open country,Instantaneous,6.3,24.0,1.53,0,Concrete,cubic meters,Hole,Liquid
3.0,4.0,18.0,78.0,18.0,30.56,3.7,2.5,46.0,1.06,cyclohexanone,3,NE,cyclohexanone,Single office,Urban or forest,Instantaneous,3.7,18.0,1.06,7,Concrete,cubic meters,Hole,Liquid
5.0,1.0,28.0,84.0,26.0,79.61,1.3,9.7,74.0,1.68,cyclohexanone,3,NNE,cyclohexanone,Double storied,open country,Instantaneous,1.3,28.0,1.68,70,Concrete,cubic meters,pipe/valve,Liquid
6.0,1.0,29.0,80.0,27.0,31.6,4.7,7.7,21.0,0.98,cyclohexanone,3,NNE,cyclohexanone,Double storied,open country,Continue,4.7,29.0,0.98,16,Concrete,cubic meters,Hole,Liquid
5.0,3.0,22.0,83.0,9.0,22.67,6.6,1.6,88.0,1.9,cyclohexanone,3,ENE,cyclohexanone,Single office,Urban or forest,Continue,6.6,22.0,1.9,77,Concrete,cubic meters,Hole,Liquid
6.0,1.0,32.0,80.0,33.0,53.49,4.8,7.5,85.0,2.11,cyclohexanone,3,ESE,cyclohexanone,Enclosed office,open country,Instantaneous,4.8,32.0,2.11,63,Concrete,cubic meters,pipe/valve,Liquid
5.0,10.0,27.0,82.0,21.0,88.91,1.9,6.1,98.0,2.07,cyclohexanone,3,NE,cyclohexanone,Enclosed office,Urban or forest,Instantaneous,1.9,27.0,2.07,73,Concrete,cubic meters,pipe/valve,Liquid
3.0,0.0,19.0,82.0,33.0,27.26,7.3,0.6,60.0,1.71,cyclohexanone,3,ENE,cyclohexanone,Single office,open country,Instantaneous,7.3,19.0,1.71,15,Concrete,cubic meters,Hole,Liquid
4.0,3.0,33.0,87.0,38.0,15.52,9.2,5.4,86.0,1.21,cyclohexanone,3,ESE,cyclohexanone,Single office,open country,Continue,9.2,33.0,1.21,69,Concrete,cubic meters,pipe/valve,Liquid
6.0,0.0,31.0,85.0,30.0,74.22,1.6,2.0,64.0,2.68,cyclohexanone,3,ENE,cyclohexanone,Single office,Urban or forest,Instantaneous,1.6,31.0,2.68,44,Concrete,cubic meters,Hole,Liquid
4.0,4.0,22.0,82.0,5.0,59.25,7.4,5.0,29.0,2.96,cyclohexanone,3,NNE,cyclohexanone,Enclosed office,Urban or forest,Instantaneous,7.4,22.0,2.96,11,Concrete,cubic meters,Hole,Liquid
4.0,6.0,30.0,86.0,6.0,46.71,5.5,8.5,3.0,1.49,cyclohexanone,3,NNE,cyclohexanone,Single office,open country,Instantaneous,5.5,30.0,1.49,3,Concrete,cubic meters,pipe/valve,Liquid
3.0,8.0,34.0,80.0,53.0,3.81,4.0,8.1,10.0,2.65,cyclohexanone,3,NNE,cyclohexanone,Single office,open country,Instantaneous,4.0,34.0,2.65,3,Concrete,cubic meters,pipe/valve,Liquid
4.0,0.0,24.0,86.0,29.0,52.78,3.3,2.2,3.0,1.92,cyclohexanone,3,NNE,cyclohexanone,Enclosed office,Urban or forest,Continue,3.3,24.0,1.92,3,Concrete,cubic meters,pipe/valve,Liquid
5.0,6.0,23.0,85.0,28.0,13.29,6.4,5.7,94.0,1.66,cyclohexanone,3,ESE,cyclohexanone,Enclosed office,open country,Continue,6.4,23.0,1.66,93,Concrete,cubic meters,Hole,Liquid
5.0,10.0,21.0,85.0,50.0,79.3,7.8,6.4,7.0,1.99,cyclohexanone,3,ENE,cyclohexanone,Single office,Urban or forest,Continue,7.8,21.0,1.99,3,Concrete,cubic meters,pipe/valve,Liquid
4.0,8.0,21.0,86.0,18.0,78.01,2.3,1.2,28.0,2.19,cyclohexanone,3,ENE,cyclohexanone,Double storied,Urban or forest,Instantaneous,2.3,21.0,2.19,20,Concrete,cubic meters,pipe/valve,Liquid
6.0,2.0,31.0,79.0,37.0,44.68,2.7,7.4,72.0,1.13,cyclohexanone,3,ESE,cyclohexanone,Double storied,Urban or forest,Continue,2.7,31.0,1.13,50,Concrete,cubic meters,Hole,Liquid
4.0,0.0,19.0,79.0,8.0,21.67,9.5,6.2,33.0,2.98,cyclohexanone,3,ENE,cyclohexanone,Double storied,Urban or forest,Instantaneous,9.5,19.0,2.98,25,Concrete,cubic meters,pipe/valve,Liquid
5.0,9.0,24.0,80.0,3.0,78.47,1.9,7.1,0.0,2.57,cyclohexanone,3,NNE,cyclohexanone,Double storied,Urban or forest,Instantaneous,1.9,24.0,2.57,0,Concrete,cubic meters,Hole,Liquid
5.0,6.0,24.0,82.0,51.0,95.67,5.2,8.4,18.0,2.94,cyclohexanone,3,ENE,cyclohexanone,Enclosed office,Urban or forest,Continue,5.2,24.0,2.94,11,Concrete,cubic meters,Hole,Liquid
3.0,9.0,22.0,83.0,42.0,73.64,0.7,10.0,5.0,1.62,cyclohexanone,3,ESE,cyclohexanone,Enclosed office,open country,Continue,0.7,22.0,1.62,5,Concrete,cubic meters,pipe/valve,Liquid
5.0,8.0,20.0,80.0,31.0,56.94,6.2,5.3,73.0,0.91,cyclohexanone,3,ESE,cyclohexanone,Double storied,open country,Continue,6.2,20.0,0.91,5,Concrete,cubic meters,Hole,Liquid
3.0,1.0,26.0,78.0,55.0,95.42,6.6,1.6,40.0,2.72,cyclohexanone,3,NE,cyclohexanone,Single office,Urban or forest,Continue,6.6,26.0,2.72,13,Concrete,cubic meters,Hole,Liquid
6.0,3.0,32.0,78.0,33.0,40.59,8.2,8.3,28.0,1.97,cyclohexanone,3,ENE,cyclohexanone,Double storied,Urban or forest,Continue,8.2,32.0,1.97,26,Concrete,cubic meters,pipe/valve,Liquid
4.0,7.0,31.0,85.0,25.0,5.19,9.3,3.6,46.0,2.76,cyclohexanone,3,ESE,cyclohexanone,Single office,Urban or forest,Instantaneous,9.3,31.0,2.76,3,Concrete,cubic meters,pipe/valve,Liquid
5.0,8.0,34.0,83.0,39.0,56.16,5.7,7.2,51.0,1.42,cyclohexanone,3,ESE,cyclohexanone,Enclosed office,open country,Continue,5.7,34.0,1.42,10,Concrete,cubic meters,pipe/valve,Liquid
4.0,4.0,25.0,78.0,58.0,99.29,6.7,3.3,25.0,1.54,cyclohexanone,3,ENE,cyclohexanone,Double storied,open country,Instantaneous,6.7,25.0,1.54,22,Concrete,cubic meters,pipe/valve,Liquid
4.0,10.0,30.0,83.0,35.0,29.89,5.1,1.5,70.0,2.4,cyclohexanone,3,ENE,cyclohexanone,Enclosed office,open country,Continue,5.1,30.0,2.4,60,Concrete,cubic meters,Hole,Liquid
3.0,4.0,19.0,80.0,5.0,75.08,7.3,7.1,67.0,0.82,cyclohexanone,3,ESE,cyclohexanone,Enclosed office,open country,Instantaneous,7.3,19.0,0.82,60,Concrete,cubic meters,Hole,Liquid
5.0,4.0,30.0,79.0,28.0,96.91,6.1,9.7,19.0,2.51,cyclohexanone,3,ENE,cyclohexanone,Double storied,open country,Continue,6.1,30.0,2.51,9,Concrete,cubic meters,pipe/valve,Liquid
3.0,6.0,29.0,80.0,44.0,49.66,8.1,5.6,62.0,0.9,cyclohexanone,3,ENE,cyclohexanone,Single office,Urban or forest,Instantaneous,8.1,29.0,0.9,18,Concrete,cubic meters,pipe/valve,Liquid
5.0,8.0,31.0,78.0,57.0,35.73,5.4,1.2,40.0,1.77,cyclohexanone,3,ENE,cyclohexanone,Single office,Urban or forest,Continue,5.4,31.0,1.77,36,Concrete,cubic meters,Hole,Liquid
3.0,7.0,32.0,85.0,3.0,9.11,2.6,0.9,92.0,2.78,cyclohexanone,3,ENE,cyclohexanone,Single office,Urban or forest,Continue,2.6,32.0,2.78,85,Concrete,cubic meters,Hole,Liquid
4.0,7.0,26.0,78.0,53.0,26.83,1.5,7.4,62.0,1.97,cyclohexanone,3,NNE,cyclohexanone,Single office,open country,Continue,1.5,26.0,1.97,0,Concrete,cubic meters,pipe/valve,Liquid
5.0,1.0,19.0,85.0,9.0,51.02,10.0,1.8,94.0,0.85,cyclohexanone,3,NE,cyclohexanone,Single office,open country,Instantaneous,10.0,19.0,0.85,69,Concrete,cubic meters,Hole,Liquid
6.0,5.0,30.0,84.0,45.0,27.9,8.1,3.5,9.0,1.16,cyclohexanone,3,ESE,cyclohexanone,Enclosed office,open country,Instantaneous,8.1,30.0,1.16,8,Concrete,cubic meters,pipe/valve,Liquid
5.0,9.0,25.0,78.0,16.0,77.82,3.5,2.0,97.0,2.18,cyclohexanone,3,ESE,cyclohexanone,Double storied,open country,Continue,3.5,25.0,2.18,70,Concrete,cubic meters,pipe/valve,Liquid
5.0,6.0,19.0,78.0,26.0,45.55,1.4,4.5,98.0,2.62,cyclohexanone,3,ENE,cyclohexanone,Double storied,open country,Continue,1.4,19.0,2.62,30,Concrete,cubic meters,pipe/valve,Liquid
4.0,6.0,29.0,79.0,50.0,92.59,4.7,8.2,37.0,1.18,cyclohexanone,3,NNE,cyclohexanone,Enclosed office,open country,Instantaneous,4.7,29.0,1.18,30,Concrete,cubic meters,pipe/valve,Liquid
3.0,9.0,25.0,85.0,57.0,33.38,8.6,8.1,11.0,0.93,cyclohexanone,3,NE,cyclohexanone,Double storied,open country,Continue,8.6,25.0,0.93,1,Concrete,cubic meters,pipe/valve,Liquid
6.0,9.0,33.0,80.0,39.0,70.74,7.9,4.4,77.0,0.95,cyclohexanone,3,ENE,cyclohexanone,Enclosed office,open country,Continue,7.9,33.0,0.95,0,Concrete,cubic meters,pipe/valve,Liquid
4.0,5.0,28.0,86.0,45.0,62.14,3.2,1.4,49.0,2.09,cyclohexanone,3,ESE,cyclohexanone,Enclosed office,Urban or forest,Continue,3.2,28.0,2.09,23,Concrete,cubic meters,pipe/valve,Liquid
3.0,7.0,31.0,77.0,10.0,84.86,4.6,7.5,99.0,1.93,cyclohexanone,3,NNE,cyclohexanone,Double storied,Urban or forest,Instantaneous,4.6,31.0,1.93,3,Concrete,cubic meters,Hole,Liquid
4.0,7.0,27.0,82.0,32.0,55.26,6.9,4.2,52.0,1.96,cyclohexanone,3,ESE,cyclohexanone,Single office,open country,Continue,6.9,27.0,1.96,29,Concrete,cubic meters,pipe/valve,Liquid
4.0,8.0,24.0,83.0,12.0,24.02,2.1,9.4,40.0,2.21,cyclohexanone,3,ESE,cyclohexanone,Enclosed office,Urban or forest,Continue,2.1,24.0,2.21,12,Concrete,cubic meters,Hole,Liquid
3.0,3.0,35.0,78.0,18.0,36.25,9.8,4.8,63.0,2.31,cyclohexanone,3,ENE,cyclohexanone,Double storied,open country,Continue,9.8,35.0,2.31,1,Concrete,cubic meters,Hole,Liquid
4.0,3.0,31.0,79.0,22.0,84.16,3.4,5.2,76.0,2.27,cyclohexanone,3,NE,cyclohexanone,Single office,Urban or forest,Instantaneous,3.4,31.0,2.27,20,Concrete,cubic meters,Hole,Liquid
4.0,10.0,28.0,82.0,34.0,56.63,1.5,6.3,98.0,2.28,cyclohexanone,3,ENE,cyclohexanone,Enclosed office,open country,Instantaneous,1.5,28.0,2.28,20,Concrete,cubic meters,pipe/valve,Liquid
6.0,3.0,25.0,82.0,44.0,5.56,9.8,7.9,68.0,2.64,cyclohexanone,3,NE,cyclohexanone,Single office,open country,Continue,9.8,25.0,2.64,68,Concrete,cubic meters,Hole,Liquid
4.0,6.0,33.0,80.0,32.0,24.86,4.1,6.0,69.0,1.42,cyclohexanone,3,ESE,cyclohexanone,Enclosed office,Urban or forest,Instantaneous,4.1,33.0,1.42,20,Concrete,cubic meters,pipe/valve,Liquid
6.0,8.0,26.0,79.0,56.0,18.78,1.7,7.0,9.0,1.39,cyclohexanone,3,NNE,cyclohexanone,Double storied,open country,Instantaneous,1.7,26.0,1.39,7,Concrete,cubic meters,pipe/valve,Liquid
6.0,9.0,32.0,85.0,38.0,34.15,4.1,6.8,55.0,2.58,cyclohexanone,3,NNE,cyclohexanone,Double storied,open country,Instantaneous,4.1,32.0,2.58,21,Concrete,cubic meters,Hole,Liquid
4.0,4.0,28.0,87.0,39.0,67.43,5.4,2.7,95.0,2.51,cyclohexanone,3,NNE,cyclohexanone,Enclosed office,Urban or forest,Instantaneous,5.4,28.0,2.51,39,Concrete,cubic meters,pipe/valve,Liquid
3.0,9.0,18.0,85.0,53.0,9.74,1.1,8.7,4.0,1.61,cyclohexanone,3,ESE,cyclohexanone,Single office,Urban or forest,Instantaneous,1.1,18.0,1.61,1,Concrete,cubic meters,pipe/valve,Liquid
5.0,4.0,19.0,81.0,11.0,62.67,4.6,5.8,31.0,1.02,cyclohexanone,3,NE,cyclohexanone,Enclosed office,Urban or forest,Continue,4.6,19.0,1.02,23,Concrete,cubic meters,Hole,Liquid
4.0,7.0,22.0,86.0,51.0,99.61,7.3,4.0,16.0,1.74,cyclohexanone,3,ENE,cyclohexanone,Enclosed office,open country,Continue,7.3,22.0,1.74,8,Concrete,cubic meters,Hole,Liquid
3.0,5.0,20.0,77.0,26.0,7.66,4.9,4.5,90.0,2.65,cyclohexanone,3,ENE,cyclohexanone,Enclosed office,open country,Continue,4.9,20.0,2.65,40,Concrete,cubic meters,pipe/valve,Liquid
3.0,6.0,32.0,77.0,49.0,48.21,8.8,3.7,60.0,1.85,cyclohexanone,3,NE,cyclohexanone,Double storied,open country,Instantaneous,8.8,32.0,1.85,43,Concrete,cubic meters,Hole,Liquid
3.0,6.0,18.0,78.0,38.0,40.21,7.5,7.4,45.0,1.32,cyclohexanone,3,ENE,cyclohexanone,Enclosed office,open country,Continue,7.5,18.0,1.32,20,Concrete,cubic meters,Hole,Liquid
5.0,6.0,26.0,78.0,44.0,82.76,8.6,3.5,43.0,1.86,cyclohexanone,3,ESE,cyclohexanone,Enclosed office,Urban or forest,Instantaneous,8.6,26.0,1.86,37,Concrete,cubic meters,Hole,Liquid
5.0,9.0,32.0,80.0,59.0,15.05,5.7,4.2,18.0,2.07,cyclohexanone,3,ENE,cyclohexanone,Double storied,Urban or forest,Instantaneous,5.7,32.0,2.07,0,Concrete,cubic meters,pipe/valve,Liquid
5.0,3.0,25.0,83.0,21.0,92.95,8.5,3.9,1.0,1.72,cyclohexanone,3,ESE,cyclohexanone,Single office,Urban or forest,Continue,8.5,25.0,1.72,1,Concrete,cubic meters,Hole,Liquid
5.0,8.0,33.0,84.0,59.0,73.01,7.7,6.8,86.0,1.45,cyclohexanone,3,NNE,cyclohexanone,Double storied,Urban or forest,Continue,7.7,33.0,1.45,26,Concrete,cubic meters,pipe/valve,Liquid
4.0,6.0,25.0,86.0,58.0,40.95,3.7,8.6,38.0,1.01,cyclohexanone,3,ENE,cyclohexanone,Enclosed office,open country,Continue,3.7,25.0,1.01,38,Concrete,cubic meters,pipe/valve,Liquid
5.0,3.0,30.0,81.0,18.0,97.39,3.2,4.0,86.0,2.48,cyclohexanone,3,NE,cyclohexanone,Double storied,Urban or forest,Continue,3.2,30.0,2.48,77,Concrete,cubic meters,pipe/valve,Liquid
5.0,2.0,31.0,77.0,20.0,28.69,1.1,3.4,50.0,0.9,cyclohexanone,3,NNE,cyclohexanone,Single office,Urban or forest,Instantaneous,1.1,31.0,0.9,21,Concrete,cubic meters,pipe/valve,Liquid
4.0,9.0,34.0,83.0,4.0,36.8,3.5,4.6,81.0,0.8,cyclohexanone,3,ESE,cyclohexanone,Single office,Urban or forest,Instantaneous,3.5,34.0,0.8,37,Concrete,cubic meters,Hole,Liquid
5.0,4.0,27.0,80.0,43.0,74.35,6.9,2.8,82.0,1.25,cyclohexanone,3,ESE,cyclohexanone,Single office,open country,Instantaneous,6.9,27.0,1.25,61,Concrete,cubic meters,pipe/valve,Liquid
4.0,7.0,32.0,84.0,14.0,37.81,8.8,1.5,79.0,2.9,cyclohexanone,3,NNE,cyclohexanone,Single office,open country,Continue,8.8,32.0,2.9,14,Concrete,cubic meters,Hole,Liquid
4.0,9.0,20.0,77.0,10.0,4.26,0.5,9.4,89.0,1.41,cyclohexanone,3,NE,cyclohexanone,Double storied,Urban or forest,Instantaneous,0.5,20.0,1.41,88,Concrete,cubic meters,pipe/valve,Liquid
4.0,0.0,34.0,81.0,14.0,39.17,8.2,3.8,6.0,1.94,cyclohexanone,3,ENE,cyclohexanone,Enclosed office,open country,Continue,8.2,34.0,1.94,2,Concrete,cubic meters,pipe/valve,Liquid
5.0,0.0,26.0,87.0,45.0,96.0,4.7,4.3,58.0,1.1,cyclohexanone,3,NNE,cyclohexanone,Double storied,Urban or forest,Continue,4.7,26.0,1.1,14,Concrete,cubic meters,pipe/valve,Liquid
4.0,9.0,18.0,80.0,27.0,69.02,5.9,3.2,72.0,1.64,cyclohexanone,3,NE,cyclohexanone,Enclosed office,Urban or forest,Continue,5.9,18.0,1.64,27,Concrete,cubic meters,pipe/valve,Liquid
4.0,2.0,21.0,79.0,38.0,1.7,7.7,4.7,48.0,1.26,cyclohexanone,3,ENE,cyclohexanone,Double storied,open country,Continue,7.7,21.0,1.26,9,Concrete,cubic meters,pipe/valve,Liquid
4.0,8.0,31.0,87.0,1.0,9.4,9.3,2.1,70.0,2.7,cyclohexanone,3,ESE,cyclohexanone,Double storied,Urban or forest,Continue,9.3,31.0,2.7,69,Concrete,cubic meters,pipe/valve,Liquid
4.0,2.0,19.0,77.0,36.0,94.41,1.5,3.4,8.0,2.0,cyclohexanone,3,NE,cyclohexanone,Enclosed office,open country,Continue,1.5,19.0,2.0,3,Concrete,cubic meters,Hole,Liquid
4.0,2.0,19.0,79.0,24.0,10.97,1.8,6.9,96.0,1.25,cyclohexanone,3,ENE,cyclohexanone,Double storied,Urban or forest,Instantaneous,1.8,19.0,1.25,71,Concrete,cubic meters,pipe/valve,Liquid
4.0,5.0,31.0,86.0,54.0,69.39,3.3,0.6,12.0,0.79,cyclohexanone,3,ESE,cyclohexanone,Enclosed office,open country,Continue,3.3,31.0,0.79,11,Concrete,cubic meters,Hole,Liquid
5.0,0.0,34.0,82.0,59.0,41.0,0.8,3.8,88.0,2.15,cyclohexanone,3,ESE,cyclohexanone,Enclosed office,Urban or forest,Continue,0.8,34.0,2.15,25,Concrete,cubic meters,Hole,Liquid
4.0,8.0,31.0,87.0,23.0,14.14,7.6,9.5,24.0,1.8,cyclohexanone,3,ENE,cyclohexanone,Double storied,Urban or forest,Continue,7.6,31.0,1.8,17,Concrete,cubic meters,Hole,Liquid
4.0,5.0,33.0,86.0,6.0,14.69,8.4,6.7,41.0,1.67,cyclohexanone,3,NE,cyclohexanone,Single office,Urban or forest,Instantaneous,8.4,33.0,1.67,24,Concrete,cubic meters,pipe/valve,Liquid
4.0,7.0,33.0,78.0,50.0,52.56,7.6,7.1,43.0,1.32,cyclohexanone,3,NNE,cyclohexanone,Enclosed office,Urban or forest,Instantaneous,7.6,33.0,1.32,21,Concrete,cubic meters,pipe/valve,Liquid
6.0,1.0,19.0,87.0,22.0,70.07,9.4,5.2,43.0,1.12,cyclohexanone,3,ENE,cyclohexanone,Single office,open country,Instantaneous,9.4,19.0,1.12,0,Concrete,cubic meters,pipe/valve,Liquid
5.0,2.0,23.0,84.0,18.0,13.9,8.4,2.7,66.0,1.61,cyclohexanone,3,ESE,cyclohexanone,Single office,Urban or forest,Continue,8.4,23.0,1.61,30,Concrete,cubic meters,pipe/valve,Liquid
4.0,8.0,19.0,83.0,10.0,87.7,9.6,4.3,78.0,3.0,cyclohexanone,3,ESE,cyclohexanone,Single office,Urban or forest,Continue,9.6,19.0,3.0,69,Concrete,cubic meters,Hole,Liquid
6.0,8.0,22.0,78.0,56.0,41.79,1.3,1.9,35.0,0.93,cyclohexanone,3,ESE,cyclohexanone,Single office,Urban or forest,Instantaneous,1.3,22.0,0.93,25,Concrete,cubic meters,pipe/valve,Liquid
5.0,1.0,34.0,81.0,36.0,80.0,3.9,3.9,71.0,1.02,cyclohexanone,3,ENE,cyclohexanone,Enclosed office,open country,Continue,3.9,34.0,1.02,51,Concrete,cubic meters,pipe/valve,Liquid
6.0,5.0,27.0,82.0,13.0,64.29,7.8,2.8,13.0,2.05,cyclohexanone,3,ENE,cyclohexanone,Double storied,Urban or forest,Continue,7.8,27.0,2.05,0,Concrete,cubic meters,pipe/valve,Liquid
4.0,3.0,22.0,83.0,14.0,90.2,10.0,9.3,8.0,0.82,cyclohexanone,3,ENE,cyclohexanone,Double storied,Urban or forest,Instantaneous,10.0,22.0,0.82,5,Concrete,cubic meters,pipe/valve,Liquid
4.0,8.0,24.0,82.0,50.0,17.18,8.9,1.7,95.0,2.98,cyclohexanone,3,ENE,cyclohexanone,Single office,open country,Instantaneous,8.9,24.0,2.98,36,Concrete,cubic meters,Hole,Liquid
6.0,10.0,33.0,85.0,40.0,8.87,7.1,2.0,90.0,0.84,cyclohexanone,3,ENE,cyclohexanone,Double storied,Urban or forest,Instantaneous,7.1,33.0,0.84,49,Concrete,cubic meters,pipe/valve,Liquid
3.0,1.0,21.0,86.0,19.0,71.29,1.3,7.9,0.0,2.89,cyclohexanone,3,NNE,cyclohexanone,Enclosed office,Urban or forest,Instantaneous,1.3,21.0,2.89,0,Concrete,cubic meters,Hole,Liquid
4.0,2.0,24.0,79.0,26.0,25.34,3.7,5.9,97.0,1.39,cyclohexanone,3,NE,cyclohexanone,Enclosed office,open country,Instantaneous,3.7,24.0,1.39,89,Concrete,cubic meters,Hole,Liquid
6.0,2.0,28.0,84.0,51.0,58.33,4.5,6.9,30.0,2.84,cyclohexanone,3,ESE,cyclohexanone,Double storied,Urban or forest,Instantaneous,4.5,28.0,2.84,15,Concrete,cubic meters,pipe/valve,Liquid
5.0,3.0,21.0,81.0,22.0,0.03,3.6,0.9,2.0,2.26,cyclohexanone,3,NNE,cyclohexanone,Double storied,open country,Continue,3.6,21.0,2.26,0,Concrete,cubic meters,pipe/valve,Liquid
5.0,6.0,29.0,82.0,36.0,10.66,3.7,7.2,14.0,0.87,cyclohexanone,3,ENE,cyclohexanone,Enclosed office,open country,Continue,3.7,29.0,0.87,13,Concrete,cubic meters,pipe/valve,Liquid
5.0,2.0,20.0,80.0,49.0,66.67,2.7,6.6,37.0,2.2,cyclohexanone,3,ENE,cyclohexanone,Double storied,open country,Instantaneous,2.7,20.0,2.2,26,Concrete,cubic meters,Hole,Liquid
4.0,3.0,19.0,79.0,23.0,81.45,6.0,3.3,82.0,1.17,cyclohexanone,3,ESE,cyclohexanone,Enclosed office,Urban or forest,Continue,6.0,19.0,1.17,82,Concrete,cubic meters,pipe/valve,Liquid
3.0,7.0,27.0,84.0,35.0,72.63,1.8,3.1,91.0,0.78,cyclohexanone,3,ESE,cyclohexanone,Double storied,open country,Instantaneous,1.8,27.0,0.78,62,Concrete,cubic meters,Hole,Liquid
4.0,5.0,29.0,84.0,31.0,80.56,7.9,3.4,66.0,1.46,cyclohexanone,3,ESE,cyclohexanone,Single office,Urban or forest,Continue,7.9,29.0,1.46,54,Concrete,cubic meters,Hole,Liquid
5.0,4.0,26.0,84.0,9.0,82.41,5.5,9.3,15.0,1.46,cyclohexanone,3,ENE,cyclohexanone,Single office,Urban or forest,Continue,5.5,26.0,1.46,12,Concrete,cubic meters,pipe/valve,Liquid
6.0,6.0,25.0,85.0,48.0,42.81,3.0,7.3,23.0,2.75,cyclohexanone,3,ESE,cyclohexanone,Enclosed office,open country,Continue,3.0,25.0,2.75,17,Concrete,cubic meters,Hole,Liquid
5.0,4.0,20.0,82.0,34.0,84.55,7.2,8.1,58.0,2.49,cyclohexanone,3,ENE,cyclohexanone,Double storied,open country,Continue,7.2,20.0,2.49,26,Concrete,cubic meters,Hole,Liquid
4.0,9.0,18.0,81.0,58.0,54.35,2.1,9.8,39.0,2.81,cyclohexanone,3,ENE,cyclohexanone,Single office,open country,Continue,2.1,18.0,2.81,22,Concrete,cubic meters,Hole,Liquid
5.0,8.0,21.0,78.0,13.0,25.98,5.0,4.1,45.0,2.41,cyclohexanone,3,ESE,cyclohexanone,Enclosed office,open country,Instantaneous,5.0,21.0,2.41,16,Concrete,cubic meters,Hole,Liquid
5.0,5.0,24.0,81.0,6.0,68.46,9.3,1.1,80.0,0.76,cyclohexanone,3,NE,cyclohexanone,Double storied,Urban or forest,Continue,9.3,24.0,0.76,57,Concrete,cubic meters,Hole,Liquid
5.0,3.0,21.0,79.0,59.0,32.04,2.7,9.0,12.0,1.3,cyclohexanone,3,NE,cyclohexanone,Enclosed office,open country,Continue,2.7,21.0,1.3,11,Concrete,cubic meters,pipe/valve,Liquid
6.0,5.0,20.0,80.0,19.0,94.02,3.2,6.0,63.0,2.97,cyclohexanone,3,ESE,cyclohexanone,Single office,Urban or forest,Instantaneous,3.2,20.0,2.97,55,Concrete,cubic meters,Hole,Liquid
5.0,4.0,26.0,86.0,46.0,71.98,1.4,7.8,57.0,1.81,cyclohexanone,3,NE,cyclohexanone,Single office,Urban or forest,Continue,1.4,26.0,1.81,42,Concrete,cubic meters,Hole,Liquid
4.0,5.0,24.0,86.0,43.0,20.03,7.8,8.4,87.0,2.32,cyclohexanone,3,ESE,cyclohexanone,Double storied,open country,Instantaneous,7.8,24.0,2.32,29,Concrete,cubic meters,Hole,Liquid
5.0,2.0,28.0,87.0,8.0,89.75,3.9,7.0,51.0,2.83,cyclohexanone,3,ENE,cyclohexanone,Enclosed office,open country,Instantaneous,3.9,28.0,2.83,51,Concrete,cubic meters,Hole,Liquid
4.0,8.0,24.0,85.0,12.0,2.24,3.5,5.0,8.0,1.5,cyclohexanone,3,ENE,cyclohexanone,Double storied,Urban or forest,Instantaneous,3.5,24.0,1.5,3,Concrete,cubic meters,pipe/valve,Liquid
5.0,2.0,33.0,81.0,43.0,51.84,2.6,2.3,42.0,2.37,cyclohexanone,3,NE,cyclohexanone,Double storied,Urban or forest,Continue,2.6,33.0,2.37,26,Concrete,cubic meters,pipe/valve,Liquid
3.0,4.0,22.0,78.0,2.0,68.19,9.0,1.7,19.0,2.19,cyclohexanone,3,NNE,cyclohexanone,Enclosed office,open country,Continue,9.0,22.0,2.19,19,Concrete,cubic meters,pipe/valve,Liquid
6.0,4.0,25.0,84.0,34.0,62.47,3.8,5.9,27.0,2.1,cyclohexanone,3,NE,cyclohexanone,Double storied,open country,Continue,3.8,25.0,2.1,4,Concrete,cubic meters,pipe/valve,Liquid
3.0,5.0,28.0,80.0,13.0,11.14,3.2,0.5,86.0,2.8,cyclohexanone,3,ESE,cyclohexanone,Single office,open country,Instantaneous,3.2,28.0,2.8,39,Concrete,cubic meters,Hole,Liquid
4.0,1.0,34.0,86.0,43.0,45.17,5.0,0.8,36.0,2.46,cyclohexanone,3,NNE,cyclohexanone,Double storied,open country,Instantaneous,5.0,34.0,2.46,33,Concrete,cubic meters,Hole,Liquid
4.0,7.0,22.0,79.0,8.0,48.39,3.5,5.1,35.0,2.5,cyclohexanone,3,ESE,cyclohexanone,Single office,open country,Instantaneous,3.5,22.0,2.5,7,Concrete,cubic meters,Hole,Liquid
5.0,0.0,26.0,80.0,45.0,33.99,8.0,8.7,39.0,2.28,cyclohexanone,3,NE,cyclohexanone,Enclosed office,open country,Continue,8.0,26.0,2.28,15,Concrete,cubic meters,pipe/valve,Liquid
5.0,0.0,22.0,84.0,29.0,1.32,5.4,9.6,47.0,0.99,cyclohexanone,3,NNE,cyclohexanone,Double storied,open country,Continue,5.4,22.0,0.99,18,Concrete,cubic meters,Hole,Liquid
4.0,2.0,32.0,86.0,2.0,39.0,9.4,3.7,83.0,2.43,cyclohexanone,3,ENE,cyclohexanone,Single office,Urban or forest,Instantaneous,9.4,32.0,2.43,48,Concrete,cubic meters,Hole,Liquid
5.0,7.0,30.0,80.0,44.0,49.3,8.5,1.3,35.0,1.6,cyclohexanone,3,ENE,cyclohexanone,Enclosed office,Urban or forest,Continue,8.5,30.0,1.6,14,Concrete,cubic meters,Hole,Liquid
5.0,5.0,21.0,81.0,26.0,2.75,7.2,1.5,58.0,1.05,cyclohexanone,3,ESE,cyclohexanone,Single office,Urban or forest,Continue,7.2,21.0,1.05,11,Concrete,cubic meters,pipe/valve,Liquid
6.0,5.0,31.0,81.0,7.0,57.46,0.5,9.8,31.0,2.4,cyclohexanone,3,ENE,cyclohexanone,Enclosed office,Urban or forest,Instantaneous,0.5,31.0,2.4,26,Concrete,cubic meters,Hole,Liquid
4.0,2.0,31.0,87.0,27.0,75.52,2.6,5.5,16.0,0.88,cyclohexanone,3,NNE,cyclohexanone,Double storied,open country,Continue,2.6,31.0,0.88,13,Concrete,cubic meters,pipe/valve,Liquid
4.0,4.0,32.0,86.0,55.0,83.89,4.2,5.7,13.0,2.1,cyclohexanone,3,NNE,cyclohexanone,Single office,Urban or forest,Instantaneous,4.2,32.0,2.1,3,Concrete,cubic meters,Hole,Liquid
5.0,10.0,28.0,80.0,60.0,30.2,3.4,2.4,10.0,1.87,cyclohexanone,3,NE,cyclohexanone,Single office,Urban or forest,Continue,3.4,28.0,1.87,1,Concrete,cubic meters,Hole,Liquid
3.0,7.0,35.0,84.0,19.0,90.99,2.7,6.3,52.0,1.07,cyclohexanone,3,NNE,cyclohexanone,Double storied,open country,Instantaneous,2.7,35.0,1.07,50,Concrete,cubic meters,pipe/valve,Liquid
5.0,9.0,29.0,84.0,24.0,65.79,8.2,2.6,98.0,2.93,cyclohexanone,3,ENE,cyclohexanone,Enclosed office,Urban or forest,Continue,8.2,29.0,2.93,46,Concrete,cubic meters,Hole,Liquid
4.0,5.0,33.0,86.0,55.0,20.64,2.9,4.5,97.0,2.52,cyclohexanone,3,NE,cyclohexanone,Enclosed office,open country,Continue,2.9,33.0,2.52,84,Concrete,cubic meters,Hole,Liquid
4.0,2.0,31.0,79.0,29.0,85.88,8.5,2.2,75.0,1.53,cyclohexanone,3,ESE,cyclohexanone,Double storied,open country,Instantaneous,8.5,31.0,1.53,16,Concrete,cubic meters,pipe/valve,Liquid
3.0,2.0,28.0,82.0,8.0,22.48,8.8,8.9,42.0,2.63,cyclohexanone,3,NE,cyclohexanone,Single office,open country,Instantaneous,8.8,28.0,2.63,6,Concrete,cubic meters,pipe/valve,Liquid
3.0,7.0,21.0,86.0,47.0,3.62,6.4,7.2,48.0,2.02,cyclohexanone,3,ENE,cyclohexanone,Single office,open country,Instantaneous,6.4,21.0,2.02,36,Concrete,cubic meters,Hole,Liquid
4.0,5.0,23.0,79.0,15.0,0.48,2.3,2.9,50.0,0.87,cyclohexanone,3,NNE,cyclohexanone,Enclosed office,open country,Instantaneous,2.3,23.0,0.87,31,Concrete,cubic meters,Hole,Liquid
3.0,3.0,33.0,80.0,23.0,34.37,2.4,9.1,56.0,0.89,cyclohexanone,3,ENE,cyclohexanone,Enclosed office,open country,Instantaneous,2.4,33.0,0.89,1,Concrete,cubic meters,Hole,Liquid
4.0,8.0,22.0,85.0,29.0,91.56,5.0,2.1,76.0,1.95,cyclohexanone,3,ESE,cyclohexanone,Double storied,Urban or forest,Instantaneous,5.0,22.0,1.95,57,Concrete,cubic meters,pipe/valve,Liquid
6.0,5.0,27.0,79.0,57.0,88.63,5.8,9.6,60.0,1.58,cyclohexanone,3,NNE,cyclohexanone,Single office,open country,Continue,5.8,27.0,1.58,40,Concrete,cubic meters,pipe/valve,Liquid
6.0,7.0,20.0,79.0,47.0,66.64,4.8,5.2,2.0,2.73,cyclohexanone,3,NE,cyclohexanone,Single office,open country,Continue,4.8,20.0,2.73,1,Concrete,cubic meters,pipe/valve,Liquid
6.0,3.0,23.0,79.0,53.0,57.71,4.0,6.2,12.0,2.42,cyclohexanone,3,NE,cyclohexanone,Double storied,open country,Continue,4.0,23.0,2.42,3,Concrete,cubic meters,Hole,Liquid
4.0,1.0,33.0,80.0,25.0,17.69,3.0,6.4,96.0,1.05,cyclohexanone,3,ESE,cyclohexanone,Enclosed office,open country,Instantaneous,3.0,33.0,1.05,13,Concrete,cubic meters,Hole,Liquid
5.0,9.0,18.0,86.0,44.0,87.17,5.1,5.1,62.0,2.49,cyclohexanone,3,NNE,cyclohexanone,Double storied,Urban or forest,Continue,5.1,18.0,2.49,49,Concrete,cubic meters,Hole,Liquid
3.0,8.0,30.0,83.0,52.0,32.99,4.0,5.9,19.0,2.69,cyclohexanone,3,ENE,cyclohexanone,Double storied,Urban or forest,Continue,4.0,30.0,2.69,1,Concrete,cubic meters,pipe/valve,Liquid
5.0,6.0,28.0,83.0,33.0,60.84,4.9,7.0,71.0,2.78,cyclohexanone,3,ESE,cyclohexanone,Single office,open country,Continue,4.9,28.0,2.78,27,Concrete,cubic meters,pipe/valve,Liquid
3.0,10.0,34.0,80.0,52.0,26.57,4.4,9.1,68.0,2.39,cyclohexanone,3,ESE,cyclohexanone,Single office,open country,Continue,4.4,34.0,2.39,6,Concrete,cubic meters,pipe/valve,Liquid
3.0,6.0,25.0,83.0,35.0,94.94,3.8,8.7,66.0,1.7,cyclohexanone,3,NNE,cyclohexanone,Single office,open country,Continue,3.8,25.0,1.7,8,Concrete,cubic meters,pipe/valve,Liquid
4.0,3.0,20.0,77.0,54.0,29.36,2.3,2.5,5.0,2.9,cyclohexanone,3,NE,cyclohexanone,Double storied,Urban or forest,Continue,2.3,20.0,2.9,5,Concrete,cubic meters,pipe/valve,Liquid
4.0,5.0,33.0,81.0,32.0,58.56,2.2,0.6,61.0,1.23,cyclohexanone,3,ESE,cyclohexanone,Enclosed office,open country,Instantaneous,2.2,33.0,1.23,42,Concrete,cubic meters,Hole,Liquid
4.0,2.0,22.0,79.0,26.0,61.14,4.6,1.8,61.0,1.09,cyclohexanone,3,NNE,cyclohexanone,Enclosed office,Urban or forest,Instantaneous,4.6,22.0,1.09,23,Concrete,cubic meters,pipe/valve,Liquid
5.0,5.0,34.0,82.0,11.0,50.12,8.3,3.7,6.0,2.3,cyclohexanone,3,NE,cyclohexanone,Single office,open country,Instantaneous,8.3,34.0,2.3,5,Concrete,cubic meters,pipe/valve,Liquid
4.0,9.0,30.0,83.0,16.0,76.33,4.5,1.4,65.0,2.17,cyclohexanone,3,NNE,cyclohexanone,Enclosed office,open country,Instantaneous,4.5,30.0,2.17,49,Concrete,cubic meters,pipe/valve,Liquid
4.0,6.0,21.0,84.0,5.0,51.41,6.2,1.0,73.0,1.21,cyclohexanone,3,ESE,cyclohexanone,Enclosed office,open country,Instantaneous,6.2,21.0,1.21,5,Concrete,cubic meters,pipe/valve,Liquid
3.0,7.0,19.0,86.0,9.0,18.41,8.0,1.3,55.0,1.98,cyclohexanone,3,ESE,cyclohexanone,Enclosed office,open country,Continue,8.0,19.0,1.98,29,Concrete,cubic meters,Hole,Liquid
6.0,3.0,33.0,84.0,54.0,20.76,4.3,8.6,52.0,2.54,cyclohexanone,3,ENE,cyclohexanone,Single office,Urban or forest,Continue,4.3,33.0,2.54,28,Concrete,cubic meters,pipe/valve,Liquid
5.0,4.0,22.0,80.0,47.0,68.83,5.6,2.4,84.0,1.29,cyclohexanone,3,ESE,cyclohexanone,Double storied,open country,Instantaneous,5.6,22.0,1.29,72,Concrete,cubic meters,Hole,Liquid
4.0,4.0,29.0,77.0,52.0,35.05,7.0,5.7,89.0,2.23,cyclohexanone,3,NNE,cyclohexanone,Double storied,Urban or forest,Continue,7.0,29.0,2.23,35,Concrete,cubic meters,Hole,Liquid
6.0,1.0,29.0,84.0,15.0,42.52,7.5,9.1,76.0,2.92,cyclohexanone,3,ENE,cyclohexanone,Single office,open country,Continue,7.5,29.0,2.92,68,Concrete,cubic meters,Hole,Liquid
5.0,9.0,33.0,84.0,20.0,67.02,9.6,9.1,59.0,2.33,cyclohexanone,3,NE,cyclohexanone,Enclosed office,open country,Instantaneous,9.6,33.0,2.33,30,Concrete,cubic meters,Hole,Liquid
3.0,4.0,33.0,82.0,60.0,23.44,6.2,9.9,4.0,1.19,cyclohexanone,3,NNE,cyclohexanone,Double storied,open country,Continue,6.2,33.0,1.19,2,Concrete,cubic meters,Hole,Liquid
4.0,6.0,30.0,77.0,38.0,12.91,4.4,4.1,17.0,2.82,cyclohexanone,3,ENE,cyclohexanone,Single office,Urban or forest,Instantaneous,4.4,30.0,2.82,10,Concrete,cubic meters,Hole,Liquid
5.0,2.0,20.0,79.0,24.0,41.64,2.1,6.5,32.0,1.71,cyclohexanone,3,NNE,cyclohexanone,Enclosed office,Urban or forest,Continue,2.1,20.0,1.71,19,Concrete,cubic meters,Hole,Liquid
5.0,2.0,20.0,82.0,13.0,31.93,7.0,9.9,92.0,1.44,cyclohexanone,3,NNE,cyclohexanone,Enclosed office,Urban or forest,Instantaneous,7.0,20.0,1.44,12,Concrete,cubic meters,Hole,Liquid
6.0,6.0,21.0,83.0,42.0,5.93,5.2,8.2,53.0,2.71,cyclohexanone,3,NE,cyclohexanone,Double storied,open country,Instantaneous,5.2,21.0,2.71,3,Concrete,cubic meters,pipe/valve,Liquid
5.0,3.0,27.0,81.0,49.0,88.2,9.7,3.0,71.0,2.43,cyclohexanone,3,NNE,cyclohexanone,Double storied,Urban or forest,Instantaneous,9.7,27.0,2.43,45,Concrete,cubic meters,Hole,Liquid
5.0,2.0,33.0,85.0,12.0,23.83,1.2,2.8,23.0,2.01,cyclohexanone,3,ENE,cyclohexanone,Enclosed office,Urban or forest,Continue,1.2,33.0,2.01,9,Concrete,cubic meters,pipe/valve,Liquid
3.0,7.0,32.0,83.0,49.0,10.05,7.4,4.7,81.0,1.59,cyclohexanone,3,ESE,cyclohexanone,Enclosed office,open country,Instantaneous,7.4,32.0,1.59,51,Concrete,cubic meters,Hole,Liquid
6.0,5.0,27.0,78.0,33.0,90.65,3.6,5.5,48.0,1.73,cyclohexanone,3,NE,cyclohexanone,Enclosed office,Urban or forest,Instantaneous,3.6,27.0,1.73,13,Concrete,cubic meters,Hole,Liquid
4.0,2.0,23.0,86.0,16.0,29.23,6.9,1.0,20.0,2.14,cyclohexanone,3,NNE,cyclohexanone,Single office,Urban or forest,Instantaneous,6.9,23.0,2.14,17,Concrete,cubic meters,pipe/valve,Liquid
4.0,1.0,27.0,82.0,23.0,19.18,7.0,4.8,75.0,2.88,cyclohexanone,3,ESE,cyclohexanone,Enclosed office,open country,Instantaneous,7.0,27.0,2.88,10,Concrete,cubic meters,pipe/valve,Liquid
3.0,8.0,29.0,81.0,4.0,75.91,8.3,7.0,100.0,1.04,cyclohexanone,3,NE,cyclohexanone,Double storied,open country,Instantaneous,8.3,29.0,1.04,15,Concrete,cubic meters,pipe/valve,Liquid
3.0,7.0,32.0,84.0,46.0,37.64,6.8,1.2,38.0,1.89,cyclohexanone,3,ENE,cyclohexanone,Double storied,open country,Continue,6.8,32.0,1.89,6,Concrete,cubic meters,pipe/valve,Liquid
5.0,9.0,24.0,80.0,57.0,98.97,5.3,8.6,70.0,1.77,cyclohexanone,3,NE,cyclohexanone,Single office,Urban or forest,Continue,5.3,24.0,1.77,32,Concrete,cubic meters,Hole,Liquid
4.0,4.0,25.0,80.0,58.0,87.48,9.3,3.6,93.0,1.37,cyclohexanone,3,NNE,cyclohexanone,Enclosed office,open country,Instantaneous,9.3,25.0,1.37,64,Concrete,cubic meters,pipe/valve,Liquid
4.0,4.0,35.0,87.0,42.0,76.67,2.0,9.6,10.0,1.2,cyclohexanone,3,ESE,cyclohexanone,Double storied,Urban or forest,Instantaneous,2.0,35.0,1.2,10,Concrete,cubic meters,pipe/valve,Liquid
5.0,2.0,23.0,79.0,41.0,61.35,6.4,7.6,57.0,1.28,cyclohexanone,3,NE,cyclohexanone,Double storied,Urban or forest,Instantaneous,6.4,23.0,1.28,56,Concrete,cubic meters,Hole,Liquid
5.0,3.0,30.0,78.0,60.0,82.09,3.0,9.4,15.0,1.03,cyclohexanone,3,ESE,cyclohexanone,Enclosed office,Urban or forest,Instantaneous,3.0,30.0,1.03,11,Concrete,cubic meters,pipe/valve,Liquid
3.0,4.0,24.0,78.0,54.0,11.98,6.1,9.7,34.0,2.59,cyclohexanone,3,NE,cyclohexanone,Single office,Urban or forest,Continue,6.1,24.0,2.59,8,Concrete,cubic meters,pipe/valve,Liquid
6.0,3.0,23.0,78.0,4.0,48.97,7.7,8.0,23.0,1.69,cyclohexanone,3,ESE,cyclohexanone,Double storied,open country,Continue,7.7,23.0,1.69,12,Concrete,cubic meters,pipe/valve,Liquid
4.0,2.0,27.0,85.0,12.0,7.9,2.1,8.6,57.0,2.35,cyclohexanone,3,NNE,cyclohexanone,Enclosed office,Urban or forest,Instantaneous,2.1,27.0,2.35,50,Concrete,cubic meters,Hole,Liquid
4.0,1.0,27.0,81.0,20.0,6.55,2.9,6.6,49.0,0.92,cyclohexanone,3,NE,cyclohexanone,Double storied,open country,Instantaneous,2.9,27.0,0.92,37,Concrete,cubic meters,Hole,Liquid
3.0,0.0,29.0,85.0,30.0,57.12,6.6,7.3,36.0,1.17,cyclohexanone,3,NNE,cyclohexanone,Single office,open country,Continue,6.6,29.0,1.17,31,Concrete,cubic meters,pipe/valve,Liquid
4.0,9.0,28.0,77.0,37.0,95.01,5.7,4.8,40.0,1.24,cyclohexanone,3,NE,cyclohexanone,Single office,open country,Instantaneous,5.7,28.0,1.24,8,Concrete,cubic meters,Hole,Liquid
5.0,6.0,18.0,82.0,25.0,54.28,8.1,3.9,54.0,2.12,cyclohexanone,3,ENE,cyclohexanone,Enclosed office,open country,Instantaneous,8.1,18.0,2.12,7,Concrete,cubic meters,Hole,Liquid
4.0,9.0,30.0,81.0,47.0,74.91,1.0,0.7,77.0,2.02,cyclohexanone,3,NNE,cyclohexanone,Double storied,open country,Continue,1.0,30.0,2.02,24,Concrete,cubic meters,Hole,Liquid
4.0,4.0,35.0,85.0,16.0,6.72,6.5,7.7,34.0,2.08,cyclohexanone,3,ENE,cyclohexanone,Single office,Urban or forest,Instantaneous,6.5,35.0,2.08,26,Concrete,cubic meters,Hole,Liquid
5.0,3.0,25.0,77.0,7.0,89.52,9.2,2.4,29.0,2.47,cyclohexanone,3,ENE,cyclohexanone,Single office,Urban or forest,Instantaneous,9.2,25.0,2.47,3,Concrete,cubic meters,Hole,Liquid
5.0,7.0,20.0,83.0,22.0,16.27,6.5,4.6,99.0,1.22,cyclohexanone,3,NNE,cyclohexanone,Enclosed office,Urban or forest,Instantaneous,6.5,20.0,1.22,51,Concrete,cubic meters,pipe/valve,Liquid
4.0,10.0,21.0,83.0,40.0,64.64,6.0,1.3,17.0,2.6,cyclohexanone,3,ESE,cyclohexanone,Enclosed office,open country,Continue,6.0,21.0,2.6,13,Concrete,cubic meters,pipe/valve,Liquid
5.0,6.0,28.0,87.0,48.0,58.81,4.2,4.9,22.0,1.76,cyclohexanone,3,ESE,cyclohexanone,Single office,open country,Continue,4.2,28.0,1.76,21,Concrete,cubic meters,pipe/valve,Liquid
5.0,9.0,22.0,79.0,12.0,71.64,6.3,9.2,50.0,0.79,cyclohexanone,3,NE,cyclohexanone,Enclosed office,open country,Instantaneous,6.3,22.0,0.79,36,Concrete,cubic meters,pipe/valve,Liquid
5.0,7.0,35.0,83.0,36.0,85.55,1.2,5.5,61.0,2.44,cyclohexanone,3,ESE,cyclohexanone,Enclosed office,Urban or forest,Instantaneous,1.2,35.0,2.44,6,Concrete,cubic meters,Hole,Liquid
6.0,3.0,29.0,83.0,42.0,15.9,9.0,4.6,54.0,2.74,cyclohexanone,3,NNE,cyclohexanone,Double storied,Urban or forest,Continue,9.0,29.0,2.74,13,Concrete,cubic meters,Hole,Liquid
4.0,7.0,29.0,83.0,11.0,73.86,2.5,5.6,31.0,2.34,cyclohexanone,3,ESE,cyclohexanone,Single office,Urban or forest,Instantaneous,2.5,29.0,2.34,1,Concrete,cubic meters,Hole,Liquid
4.0,4.0,22.0,79.0,17.0,83.16,6.7,1.6,67.0,2.21,cyclohexanone,3,NE,cyclohexanone,Double storied,Urban or forest,Continue,6.7,22.0,2.21,34,Concrete,cubic meters,Hole,Liquid
4.0,1.0,25.0,81.0,3.0,27.55,9.1,6.8,1.0,2.91,cyclohexanone,3,NE,cyclohexanone,Double storied,open country,Continue,9.1,25.0,2.91,0,Concrete,cubic meters,Hole,Liquid
5.0,2.0,19.0,77.0,48.0,77.39,9.7,9.0,82.0,2.37,cyclohexanone,3,NNE,cyclohexanone,Enclosed office,open country,Instantaneous,9.7,19.0,2.37,70,Concrete,cubic meters,Hole,Liquid
5.0,9.0,20.0,81.0,7.0,55.34,4.3,4.2,77.0,2.03,cyclohexanone,3,NNE,cyclohexanone,Enclosed office,Urban or forest,Continue,4.3,20.0,2.03,33,Concrete,cubic meters,pipe/valve,Liquid
3.0,4.0,21.0,81.0,7.0,53.72,3.9,4.0,91.0,0.86,cyclohexanone,3,ENE,cyclohexanone,Single office,open country,Instantaneous,3.9,21.0,0.86,82,Concrete,cubic meters,Hole,Liquid
